<?xml version="1.0" encoding="UTF-8" ?>
<!DOCTYPE log4j:configuration SYSTEM "log4j.dtd">

<log4j:configuration xmlns:log4j="http://jakarta.apache.org/log4j/">
  <appender name="console" class="org.apache.log4j.ConsoleAppender"> 
    <param name="Target" value="System.out"/> 
    <layout class="org.apache.log4j.PatternLayout"> 
      <param name="ConversionPattern" value="%-5p %c{1} - %m%n"/> 
    </layout> 
  </appender> 
  <appender name="R" class="org.apache.log4j.FileAppender"> 
    <param name="file" value="../../log/fop.log"/>
    <param name="MaxFileSize" value="100KB"/>
    <param name="append" value="false"/>
    <!-- Keep one backup file -->
    <param name="MaxBackupIndex" value="1"/>
    <layout class="org.apache.log4j.PatternLayout"> 
      <param name="ConversionPattern" value="%p %t %c - %m%n"/> 
    </layout> 
  </appender> 
  
  <root> 
    <priority value ="info" /> 
    <appender-ref ref="R" /> 
    <appender-ref ref="console" /> 
  </root>
  
</log4j:configuration>