<?xml version="1.0" encoding="UTF-8"?><font-metrics metrics-version="2" type="TYPE0"><font-name>DejaVuSansCondensed,Oblique</font-name><embed/><cap-height>729</cap-height><x-height>546</x-height><ascender>759</ascender><descender>-240</descender><bbox><left>-914</left><bottom>-356</bottom><right>1493</right><top>1067</top></bbox><flags>97</flags><stemv>0</stemv><italicangle>-11</italicangle><ttc-name>DejaVuSans-BoldOblique</ttc-name><subtype>TYPE0</subtype><multibyte-extras><cid-type>CIDFontType2</cid-type><default-width>0</default-width><bfranges><bf gi="0" ue="0" us="0"/><bf gi="3" ue="126" us="32"/><bf gi="98" ue="745" us="160"/><bf gi="684" ue="750" us="748"/><bf gi="687" ue="755" us="755"/><bf gi="688" ue="759" us="759"/><bf gi="689" ue="847" us="768"/><bf gi="769" ue="849" us="849"/><bf gi="770" ue="856" us="855"/><bf gi="772" ue="866" us="860"/><bf gi="779" ue="885" us="884"/><bf gi="781" ue="894" us="890"/><bf gi="786" ue="906" us="900"/><bf gi="793" ue="908" us="908"/><bf gi="794" ue="929" us="910"/><bf gi="814" ue="974" us="931"/><bf gi="858" ue="1158" us="976"/><bf gi="1041" ue="1299" us="1160"/><bf gi="1181" ue="1366" us="1329"/><bf gi="1219" ue="1375" us="1369"/><bf gi="1226" ue="1415" us="1377"/><bf gi="1265" ue="1418" us="1417"/><bf gi="1267" ue="1475" us="1456"/><bf gi="1287" ue="1479" us="1478"/><bf gi="1289" ue="1514" us="1488"/><bf gi="1316" ue="1524" us="1520"/><bf gi="1321" ue="3647" us="3647"/><bf gi="1322" ue="3714" us="3713"/><bf gi="1324" ue="3716" us="3716"/><bf gi="1325" ue="3720" us="3719"/><bf gi="1327" ue="3722" us="3722"/><bf gi="1328" ue="3725" us="3725"/><bf gi="1329" ue="3735" us="3732"/><bf gi="1333" ue="3743" us="3737"/><bf gi="1340" ue="3747" us="3745"/><bf gi="1343" ue="3749" us="3749"/><bf gi="1344" ue="3751" us="3751"/><bf gi="1345" ue="3755" us="3754"/><bf gi="1347" ue="3769" us="3757"/><bf gi="1360" ue="3773" us="3771"/><bf gi="1363" ue="3780" us="3776"/><bf gi="1368" ue="3782" us="3782"/><bf gi="1369" ue="3789" us="3784"/><bf gi="1375" ue="3799" us="3792"/><bf gi="1383" ue="3801" us="3801"/><bf gi="1384" ue="3805" us="3804"/><bf gi="1386" ue="5127" us="5121"/><bf gi="1393" ue="5147" us="5129"/><bf gi="1412" ue="5173" us="5149"/><bf gi="1437" ue="5194" us="5175"/><bf gi="1457" ue="5202" us="5196"/><bf gi="1464" ue="5309" us="5204"/><bf gi="1570" ue="5354" us="5312"/><bf gi="1613" ue="5383" us="5356"/><bf gi="1641" ue="5438" us="5392"/><bf gi="1688" ue="5456" us="5440"/><bf gi="1705" ue="5482" us="5458"/><bf gi="1730" ue="5509" us="5492"/><bf gi="1748" ue="5526" us="5514"/><bf gi="1761" ue="5551" us="5536"/><bf gi="1777" ue="5598" us="5598"/><bf gi="1778" ue="5601" us="5601"/><bf gi="1779" ue="5703" us="5702"/><bf gi="1781" ue="5750" us="5742"/><bf gi="1790" ue="7444" us="7424"/><bf gi="1811" ue="7459" us="7446"/><bf gi="1825" ue="7470" us="7462"/><bf gi="1834" ue="7530" us="7472"/><bf gi="1893" ue="7544" us="7543"/><bf gi="1895" ue="7547" us="7547"/><bf gi="1896" ue="7557" us="7557"/><bf gi="1897" ue="7615" us="7579"/><bf gi="1934" ue="7625" us="7620"/><bf gi="1940" ue="7835" us="7680"/><bf gi="2096" ue="7929" us="7840"/><bf gi="2186" ue="7957" us="7936"/><bf gi="2208" ue="7965" us="7960"/><bf gi="2214" ue="8005" us="7968"/><bf gi="2252" ue="8013" us="8008"/><bf gi="2258" ue="8023" us="8016"/><bf gi="2266" ue="8025" us="8025"/><bf gi="2267" ue="8027" us="8027"/><bf gi="2268" ue="8029" us="8029"/><bf gi="2269" ue="8061" us="8031"/><bf gi="2300" ue="8116" us="8064"/><bf gi="2353" ue="8132" us="8118"/><bf gi="2368" ue="8147" us="8134"/><bf gi="2382" ue="8155" us="8150"/><bf gi="2388" ue="8175" us="8157"/><bf gi="2407" ue="8180" us="8178"/><bf gi="2410" ue="8190" us="8182"/><bf gi="2419" ue="8231" us="8192"/><bf gi="2459" ue="8291" us="8234"/><bf gi="2517" ue="8305" us="8298"/><bf gi="2525" ue="8334" us="8308"/><bf gi="2552" ue="8340" us="8336"/><bf gi="2557" ue="8373" us="8352"/><bf gi="2579" ue="8401" us="8400"/><bf gi="2581" ue="8407" us="8406"/><bf gi="2583" ue="8457" us="8448"/><bf gi="2593" ue="8521" us="8459"/><bf gi="2656" ue="8523" us="8523"/><bf gi="2657" ue="8526" us="8526"/><bf gi="2658" ue="8580" us="8531"/><bf gi="2708" ue="8879" us="8592"/><bf gi="2996" ue="8902" us="8882"/><bf gi="3017" ue="8909" us="8904"/><bf gi="3023" ue="8941" us="8918"/><bf gi="3047" ue="8977" us="8946"/><bf gi="3079" ue="8985" us="8984"/><bf gi="3081" ue="8993" us="8988"/><bf gi="3087" ue="9000" us="8997"/><bf gi="3091" ue="9004" us="9003"/><bf gi="3093" ue="9077" us="9075"/><bf gi="3096" ue="9082" us="9082"/><bf gi="3097" ue="9085" us="9085"/><bf gi="3098" ue="9095" us="9095"/><bf gi="3099" ue="9108" us="9108"/><bf gi="3100" ue="9134" us="9115"/><bf gi="3120" ue="9167" us="9166"/><bf gi="3122" ue="9187" us="9187"/><bf gi="3123" ue="9189" us="9189"/><bf gi="3124" ue="9251" us="9250"/><bf gi="3126" ue="9321" us="9312"/><bf gi="3136" ue="9884" us="9600"/><bf gi="3421" ue="9906" us="9888"/><bf gi="3440" ue="9988" us="9985"/><bf gi="3444" ue="9993" us="9990"/><bf gi="3448" ue="10023" us="9996"/><bf gi="3476" ue="10059" us="10025"/><bf gi="3511" ue="10061" us="10061"/><bf gi="3512" ue="10066" us="10063"/><bf gi="3516" ue="10070" us="10070"/><bf gi="3517" ue="10078" us="10072"/><bf gi="3524" ue="10132" us="10081"/><bf gi="3576" ue="10159" us="10136"/><bf gi="3600" ue="10174" us="10161"/><bf gi="3614" ue="10208" us="10208"/><bf gi="3615" ue="10219" us="10214"/><bf gi="3621" ue="10495" us="10224"/><bf gi="3893" ue="10503" us="10502"/><bf gi="3895" ue="10507" us="10506"/><bf gi="3897" ue="10561" us="10560"/><bf gi="3899" ue="10628" us="10627"/><bf gi="3901" ue="10709" us="10702"/><bf gi="3909" ue="10731" us="10731"/><bf gi="3910" ue="10754" us="10752"/><bf gi="3913" ue="10780" us="10764"/><bf gi="3930" ue="10799" us="10799"/><bf gi="3931" ue="10912" us="10877"/><bf gi="3967" ue="10938" us="10926"/><bf gi="3980" ue="11002" us="11001"/><bf gi="3982" ue="11034" us="11008"/><bf gi="4009" ue="11043" us="11040"/><bf gi="4013" ue="11372" us="11360"/><bf gi="4026" ue="11383" us="11380"/><bf gi="4030" ue="61960" us="61960"/><bf gi="4031" ue="62047" us="62047"/><bf gi="4032" ue="63173" us="63173"/><bf gi="4033" ue="64262" us="64256"/><bf gi="4040" ue="64279" us="64275"/><bf gi="4045" ue="64316" us="64285"/><bf gi="4077" ue="64318" us="64318"/><bf gi="4078" ue="64321" us="64320"/><bf gi="4080" ue="64324" us="64323"/><bf gi="4082" ue="64335" us="64326"/><bf gi="4092" ue="65039" us="65024"/><bf gi="4108" ue="65533" us="65533"/><bf gi="0" ue="65535" us="65535"/></bfranges><cid-widths start-index="0"><wx w="540"/><wx w="0"/><wx w="333"/><wx w="285"/><wx w="360"/><wx w="413"/><wx w="753"/><wx w="572"/><wx w="854"/><wx w="701"/><wx w="247"/><wx w="351"/><wx w="351"/><wx w="449"/><wx w="753"/><wx w="285"/><wx w="324"/><wx w="285"/><wx w="303"/><wx w="572"/><wx w="572"/><wx w="572"/><wx w="572"/><wx w="572"/><wx w="572"/><wx w="572"/><wx w="572"/><wx w="572"/><wx w="572"/><wx w="303"/><wx w="303"/><wx w="753"/><wx w="753"/><wx w="753"/><wx w="477"/><wx w="899"/><wx w="615"/><wx w="617"/><wx w="628"/><wx w="692"/><wx w="568"/><wx w="517"/><wx w="697"/><wx w="676"/><wx w="265"/><wx w="265"/><wx w="589"/><wx w="500"/><wx w="776"/><wx w="672"/><wx w="708"/><wx w="542"/><wx w="708"/><wx w="625"/><wx w="571"/><wx w="549"/><wx w="658"/><wx w="615"/><wx w="889"/><wx w="616"/><wx w="549"/><wx w="616"/><wx w="351"/><wx w="303"/><wx w="351"/><wx w="753"/><wx w="449"/><wx w="449"/><wx w="551"/><wx w="571"/><wx w="494"/><wx w="571"/><wx w="553"/><wx w="316"/><wx w="571"/><wx w="570"/><wx w="250"/><wx w="250"/><wx w="520"/><wx w="250"/><wx w="876"/><wx w="570"/><wx w="550"/><wx w="571"/><wx w="571"/><wx w="369"/><wx w="468"/><wx w="352"/><wx w="570"/><wx w="532"/><wx w="735"/><wx w="532"/><wx w="532"/><wx w="472"/><wx w="572"/><wx w="303"/><wx w="572"/><wx w="753"/><wx w="285"/><wx w="360"/><wx w="572"/><wx w="572"/><wx w="572"/><wx w="572"/><wx w="303"/><wx w="449"/><wx w="449"/><wx w="899"/><wx w="423"/><wx w="555"/><wx w="753"/><wx w="324"/><wx w="899"/><wx w="449"/><wx w="449"/><wx w="753"/><wx w="360"/><wx w="360"/><wx w="449"/><wx w="572"/><wx w="572"/><wx w="285"/><wx w="449"/><wx w="360"/><wx w="423"/><wx w="555"/><wx w="872"/><wx w="872"/><wx w="872"/><wx w="477"/><wx w="615"/><wx w="615"/><wx w="615"/><wx w="615"/><wx w="615"/><wx w="615"/><wx w="876"/><wx w="628"/><wx w="568"/><wx w="568"/><wx w="568"/><wx w="568"/><wx w="265"/><wx w="265"/><wx w="265"/><wx w="265"/><wx w="697"/><wx w="672"/><wx w="708"/><wx w="708"/><wx w="708"/><wx w="708"/><wx w="708"/><wx w="753"/><wx w="708"/><wx w="658"/><wx w="658"/><wx w="658"/><wx w="658"/><wx w="549"/><wx w="546"/><wx w="566"/><wx w="551"/><wx w="551"/><wx w="551"/><wx w="551"/><wx w="551"/><wx w="551"/><wx w="895"/><wx w="494"/><wx w="553"/><wx w="553"/><wx w="553"/><wx w="553"/><wx w="250"/><wx w="250"/><wx w="250"/><wx w="250"/><wx w="550"/><wx w="570"/><wx w="550"/><wx w="550"/><wx w="550"/><wx w="550"/><wx w="550"/><wx w="753"/><wx w="550"/><wx w="570"/><wx w="570"/><wx w="570"/><wx w="570"/><wx w="532"/><wx w="571"/><wx w="532"/><wx w="615"/><wx w="551"/><wx w="615"/><wx w="551"/><wx w="615"/><wx w="551"/><wx w="628"/><wx w="494"/><wx w="628"/><wx w="494"/><wx w="628"/><wx w="494"/><wx w="628"/><wx w="494"/><wx w="692"/><wx w="571"/><wx w="697"/><wx w="571"/><wx w="568"/><wx w="553"/><wx w="568"/><wx w="553"/><wx w="568"/><wx w="553"/><wx w="568"/><wx w="553"/><wx w="568"/><wx w="553"/><wx w="697"/><wx w="571"/><wx w="697"/><wx w="571"/><wx w="697"/><wx w="571"/><wx w="697"/><wx w="571"/><wx w="676"/><wx w="570"/><wx w="824"/><wx w="625"/><wx w="265"/><wx w="250"/><wx w="265"/><wx w="250"/><wx w="265"/><wx w="250"/><wx w="265"/><wx w="250"/><wx w="265"/><wx w="250"/><wx w="530"/><wx w="500"/><wx w="265"/><wx w="250"/><wx w="589"/><wx w="520"/><wx w="520"/><wx w="500"/><wx w="250"/><wx w="500"/><wx w="250"/><wx w="500"/><wx w="295"/><wx w="500"/><wx w="536"/><wx w="505"/><wx w="258"/><wx w="672"/><wx w="570"/><wx w="672"/><wx w="570"/><wx w="672"/><wx w="570"/><wx w="731"/><wx w="672"/><wx w="570"/><wx w="708"/><wx w="550"/><wx w="708"/><wx w="550"/><wx w="708"/><wx w="550"/><wx w="962"/><wx w="924"/><wx w="625"/><wx w="369"/><wx w="625"/><wx w="369"/><wx w="625"/><wx w="369"/><wx w="571"/><wx w="468"/><wx w="571"/><wx w="468"/><wx w="571"/><wx w="468"/><wx w="571"/><wx w="468"/><wx w="549"/><wx w="352"/><wx w="549"/><wx w="352"/><wx w="549"/><wx w="352"/><wx w="658"/><wx w="570"/><wx w="658"/><wx w="570"/><wx w="658"/><wx w="570"/><wx w="658"/><wx w="570"/><wx w="658"/><wx w="570"/><wx w="658"/><wx w="570"/><wx w="889"/><wx w="735"/><wx w="549"/><wx w="532"/><wx w="549"/><wx w="616"/><wx w="472"/><wx w="616"/><wx w="472"/><wx w="616"/><wx w="472"/><wx w="316"/><wx w="571"/><wx w="661"/><wx w="617"/><wx w="571"/><wx w="617"/><wx w="571"/><wx w="632"/><wx w="628"/><wx w="494"/><wx w="697"/><wx w="736"/><wx w="617"/><wx w="571"/><wx w="550"/><wx w="568"/><wx w="708"/><wx w="552"/><wx w="517"/><wx w="316"/><wx w="697"/><wx w="617"/><wx w="885"/><wx w="317"/><wx w="265"/><wx w="670"/><wx w="520"/><wx w="250"/><wx w="532"/><wx w="876"/><wx w="672"/><wx w="570"/><wx w="708"/><wx w="821"/><wx w="550"/><wx w="844"/><wx w="663"/><wx w="586"/><wx w="571"/><wx w="625"/><wx w="571"/><wx w="468"/><wx w="568"/><wx w="302"/><wx w="352"/><wx w="549"/><wx w="352"/><wx w="549"/><wx w="754"/><wx w="570"/><wx w="687"/><wx w="648"/><wx w="668"/><wx w="656"/><wx w="616"/><wx w="472"/><wx w="599"/><wx w="599"/><wx w="519"/><wx w="472"/><wx w="572"/><wx w="599"/><wx w="519"/><wx w="458"/><wx w="571"/><wx w="265"/><wx w="442"/><wx w="413"/><wx w="265"/><wx w="1309"/><wx w="1165"/><wx w="1043"/><wx w="766"/><wx w="751"/><wx w="500"/><wx w="938"/><wx w="922"/><wx w="820"/><wx w="615"/><wx w="551"/><wx w="265"/><wx w="250"/><wx w="708"/><wx w="550"/><wx w="658"/><wx w="570"/><wx w="658"/><wx w="570"/><wx w="658"/><wx w="570"/><wx w="658"/><wx w="570"/><wx w="658"/><wx w="570"/><wx w="553"/><wx w="615"/><wx w="551"/><wx w="615"/><wx w="551"/><wx w="876"/><wx w="895"/><wx w="697"/><wx w="571"/><wx w="697"/><wx w="571"/><wx w="589"/><wx w="520"/><wx w="708"/><wx w="550"/><wx w="708"/><wx w="550"/><wx w="599"/><wx w="472"/><wx w="250"/><wx w="1309"/><wx w="1165"/><wx w="1043"/><wx w="697"/><wx w="571"/><wx w="1001"/><wx w="613"/><wx w="672"/><wx w="570"/><wx w="615"/><wx w="551"/><wx w="876"/><wx w="895"/><wx w="708"/><wx w="550"/><wx w="615"/><wx w="551"/><wx w="615"/><wx w="551"/><wx w="568"/><wx w="553"/><wx w="568"/><wx w="553"/><wx w="265"/><wx w="250"/><wx w="265"/><wx w="250"/><wx w="708"/><wx w="550"/><wx w="708"/><wx w="550"/><wx w="625"/><wx w="369"/><wx w="625"/><wx w="369"/><wx w="658"/><wx w="570"/><wx w="658"/><wx w="570"/><wx w="571"/><wx w="468"/><wx w="549"/><wx w="352"/><wx w="563"/><wx w="469"/><wx w="676"/><wx w="570"/><wx w="661"/><wx w="753"/><wx w="628"/><wx w="549"/><wx w="616"/><wx w="472"/><wx w="615"/><wx w="551"/><wx w="568"/><wx w="553"/><wx w="708"/><wx w="550"/><wx w="708"/><wx w="550"/><wx w="708"/><wx w="550"/><wx w="708"/><wx w="550"/><wx w="549"/><wx w="532"/><wx w="426"/><wx w="758"/><wx w="429"/><wx w="250"/><wx w="897"/><wx w="897"/><wx w="615"/><wx w="628"/><wx w="494"/><wx w="500"/><wx w="549"/><wx w="468"/><wx w="472"/><wx w="542"/><wx w="430"/><wx w="617"/><wx w="658"/><wx w="615"/><wx w="568"/><wx w="553"/><wx w="265"/><wx w="250"/><wx w="703"/><wx w="571"/><wx w="625"/><wx w="369"/><wx w="549"/><wx w="532"/><wx w="551"/><wx w="571"/><wx w="571"/><wx w="571"/><wx w="494"/><wx w="494"/><wx w="571"/><wx w="654"/><wx w="553"/><wx w="553"/><wx w="759"/><wx w="490"/><wx w="490"/><wx w="697"/><wx w="597"/><wx w="293"/><wx w="625"/><wx w="571"/><wx w="566"/><wx w="536"/><wx w="536"/><wx w="570"/><wx w="570"/><wx w="570"/><wx w="333"/><wx w="348"/><wx w="333"/><wx w="355"/><wx w="438"/><wx w="250"/><wx w="635"/><wx w="876"/><wx w="876"/><wx w="876"/><wx w="581"/><wx w="577"/><wx w="570"/><wx w="550"/><wx w="771"/><wx w="654"/><wx w="593"/><wx w="421"/><wx w="421"/><wx w="421"/><wx w="421"/><wx w="421"/><wx w="477"/><wx w="477"/><wx w="541"/><wx w="541"/><wx w="468"/><wx w="302"/><wx w="302"/><wx w="415"/><wx w="302"/><wx w="352"/><wx w="352"/><wx w="570"/><wx w="555"/><wx w="538"/><wx w="532"/><wx w="735"/><wx w="532"/><wx w="549"/><wx w="472"/><wx w="472"/><wx w="519"/><wx w="519"/><wx w="458"/><wx w="458"/><wx w="458"/><wx w="458"/><wx w="708"/><wx w="521"/><wx w="597"/><wx w="637"/><wx w="588"/><wx w="262"/><wx w="600"/><wx w="456"/><wx w="654"/><wx w="458"/><wx w="458"/><wx w="912"/><wx w="951"/><wx w="911"/><wx w="741"/><wx w="548"/><wx w="700"/><wx w="763"/><wx w="576"/><wx w="588"/><wx w="463"/><wx w="463"/><wx w="513"/><wx w="597"/><wx w="358"/><wx w="358"/><wx w="157"/><wx w="232"/><wx w="265"/><wx w="266"/><wx w="340"/><wx w="463"/><wx w="334"/><wx w="250"/><wx w="413"/><wx w="285"/><wx w="285"/><wx w="285"/><wx w="276"/><wx w="276"/><wx w="332"/><wx w="332"/><wx w="449"/><wx w="449"/><wx w="449"/><wx w="449"/><wx w="449"/><wx w="449"/><wx w="247"/><wx w="449"/><wx w="449"/><wx w="449"/><wx w="247"/><wx w="449"/><wx w="449"/><wx w="449"/><wx w="303"/><wx w="303"/><wx w="276"/><wx w="276"/><wx w="449"/><wx w="449"/><wx w="371"/><wx w="449"/><wx w="449"/><wx w="449"/><wx w="449"/><wx w="449"/><wx w="449"/><wx w="449"/><wx w="283"/><wx w="449"/><wx w="382"/><wx w="149"/><wx w="335"/><wx w="399"/><wx w="332"/><wx w="443"/><wx w="443"/><wx w="443"/><wx w="443"/><wx w="443"/><wx w="449"/><wx w="449"/><wx w="449"/><wx w="449"/><wx w="449"/><wx w="0"/><wx w="0"/><wx w="0"/><wx w="0"/><wx w="0"/><wx w="0"/><wx w="0"/><wx w="0"/><wx w="0"/><wx w="0"/><wx w="0"/><wx w="0"/><wx w="0"/><wx w="0"/><wx w="0"/><wx w="0"/><wx w="0"/><wx w="0"/><wx w="0"/><wx w="0"/><wx w="0"/><wx w="0"/><wx w="0"/><wx w="0"/><wx w="0"/><wx w="0"/><wx w="0"/><wx w="0"/><wx w="0"/><wx w="0"/><wx w="0"/><wx w="0"/><wx w="0"/><wx w="0"/><wx w="0"/><wx w="0"/><wx w="0"/><wx w="0"/><wx w="0"/><wx w="0"/><wx w="0"/><wx w="0"/><wx w="0"/><wx w="0"/><wx w="0"/><wx w="0"/><wx w="0"/><wx w="0"/><wx w="0"/><wx w="0"/><wx w="0"/><wx w="0"/><wx w="0"/><wx w="0"/><wx w="0"/><wx w="0"/><wx w="0"/><wx w="0"/><wx w="0"/><wx w="0"/><wx w="0"/><wx w="0"/><wx w="0"/><wx w="0"/><wx w="0"/><wx w="0"/><wx w="0"/><wx w="0"/><wx w="0"/><wx w="0"/><wx w="0"/><wx w="0"/><wx w="0"/><wx w="0"/><wx w="0"/><wx w="0"/><wx w="0"/><wx w="0"/><wx w="0"/><wx w="0"/><wx w="0"/><wx w="0"/><wx w="0"/><wx w="0"/><wx w="0"/><wx w="0"/><wx w="0"/><wx w="0"/><wx w="0"/><wx w="0"/><wx w="250"/><wx w="250"/><wx w="449"/><wx w="494"/><wx w="494"/><wx w="494"/><wx w="303"/><wx w="449"/><wx w="449"/><wx w="625"/><wx w="285"/><wx w="689"/><wx w="812"/><wx w="391"/><wx w="755"/><wx w="773"/><wx w="813"/><wx w="304"/><wx w="615"/><wx w="617"/><wx w="500"/><wx w="615"/><wx w="568"/><wx w="616"/><wx w="676"/><wx w="708"/><wx w="265"/><wx w="589"/><wx w="615"/><wx w="776"/><wx w="672"/><wx w="568"/><wx w="708"/><wx w="676"/><wx w="542"/><wx w="568"/><wx w="549"/><wx w="549"/><wx w="708"/><wx w="616"/><wx w="708"/><wx w="687"/><wx w="265"/><wx w="549"/><wx w="593"/><wx w="488"/><wx w="567"/><wx w="304"/><wx w="520"/><wx w="593"/><wx w="574"/><wx w="532"/><wx w="550"/><wx w="486"/><wx w="489"/><wx w="570"/><wx w="550"/><wx w="304"/><wx w="530"/><wx w="532"/><wx w="572"/><wx w="502"/><wx w="501"/><wx w="550"/><wx w="541"/><wx w="571"/><wx w="527"/><wx w="570"/><wx w="541"/><wx w="520"/><wx w="593"/><wx w="532"/><wx w="593"/><wx w="753"/><wx w="304"/><wx w="520"/><wx w="550"/><wx w="520"/><wx w="753"/><wx w="552"/><wx w="557"/><wx w="628"/><wx w="757"/><wx w="628"/><wx w="593"/><wx w="753"/><wx w="597"/><wx w="708"/><wx w="550"/><wx w="583"/><wx w="527"/><wx w="517"/><wx w="412"/><wx w="593"/><wx w="593"/><wx w="778"/><wx w="564"/><wx w="839"/><wx w="753"/><wx w="682"/><wx w="593"/><wx w="711"/><wx w="553"/><wx w="617"/><wx w="545"/><wx w="690"/><wx w="562"/><wx w="628"/><wx w="550"/><wx w="549"/><wx w="482"/><wx w="597"/><wx w="571"/><wx w="494"/><wx w="250"/><wx w="708"/><wx w="553"/><wx w="553"/><wx w="546"/><wx w="571"/><wx w="628"/><wx w="776"/><wx w="585"/><wx w="571"/><wx w="632"/><wx w="628"/><wx w="632"/><wx w="568"/><wx w="568"/><wx w="707"/><wx w="500"/><wx w="628"/><wx w="571"/><wx w="265"/><wx w="265"/><wx w="265"/><wx w="984"/><wx w="940"/><wx w="707"/><wx w="638"/><wx w="672"/><wx w="548"/><wx w="676"/><wx w="615"/><wx w="617"/><wx w="617"/><wx w="500"/><wx w="703"/><wx w="568"/><wx w="969"/><wx w="576"/><wx w="672"/><wx w="672"/><wx w="638"/><wx w="676"/><wx w="776"/><wx w="676"/><wx w="708"/><wx w="676"/><wx w="542"/><wx w="628"/><wx w="549"/><wx w="548"/><wx w="774"/><wx w="616"/><wx w="698"/><wx w="616"/><wx w="962"/><wx w="984"/><wx w="749"/><wx w="736"/><wx w="617"/><wx w="628"/><wx w="971"/><wx w="625"/><wx w="551"/><wx w="554"/><wx w="530"/><wx w="472"/><wx w="622"/><wx w="553"/><wx w="810"/><wx w="478"/><wx w="584"/><wx w="584"/><wx w="543"/><wx w="575"/><wx w="678"/><wx w="588"/><wx w="550"/><wx w="588"/><wx w="571"/><wx w="494"/><wx w="523"/><wx w="532"/><wx w="769"/><wx w="532"/><wx w="612"/><wx w="531"/><wx w="823"/><wx w="847"/><wx w="635"/><wx w="710"/><wx w="530"/><wx w="493"/><wx w="757"/><wx w="541"/><wx w="553"/><wx w="553"/><wx w="562"/><wx w="472"/><wx w="493"/><wx w="468"/><wx w="250"/><wx w="250"/><wx w="250"/><wx w="812"/><wx w="808"/><wx w="586"/><wx w="543"/><wx w="584"/><wx w="532"/><wx w="588"/><wx w="839"/><wx w="753"/><wx w="693"/><wx w="604"/><wx w="848"/><wx w="673"/><wx w="791"/><wx w="704"/><wx w="1043"/><wx w="900"/><wx w="708"/><wx w="550"/><wx w="923"/><wx w="741"/><wx w="572"/><wx w="486"/><wx w="770"/><wx w="788"/><wx w="708"/><wx w="532"/><wx w="703"/><wx w="598"/><wx w="703"/><wx w="598"/><wx w="892"/><wx w="813"/><wx w="857"/><wx w="682"/><wx w="1061"/><wx w="924"/><wx w="839"/><wx w="753"/><wx w="628"/><wx w="494"/><wx w="452"/><wx w="0"/><wx w="0"/><wx w="0"/><wx w="0"/><wx w="375"/><wx w="375"/><wx w="672"/><wx w="590"/><wx w="617"/><wx w="530"/><wx w="542"/><wx w="571"/><wx w="548"/><wx w="472"/><wx w="606"/><wx w="500"/><wx w="500"/><wx w="441"/><wx w="969"/><wx w="810"/><wx w="576"/><wx w="478"/><wx w="638"/><wx w="543"/><wx w="638"/><wx w="543"/><wx w="638"/><wx w="543"/><wx w="770"/><wx w="748"/><wx w="676"/><wx w="594"/><wx w="912"/><wx w="789"/><wx w="1001"/><wx w="854"/><wx w="716"/><wx w="585"/><wx w="628"/><wx w="494"/><wx w="549"/><wx w="475"/><wx w="549"/><wx w="532"/><wx w="549"/><wx w="532"/><wx w="616"/><wx w="532"/><wx w="840"/><wx w="725"/><wx w="616"/><wx w="531"/><wx w="616"/><wx w="531"/><wx w="616"/><wx w="570"/><wx w="835"/><wx w="657"/><wx w="835"/><wx w="657"/><wx w="265"/><wx w="969"/><wx w="810"/><wx w="588"/><wx w="542"/><wx w="676"/><wx w="575"/><wx w="676"/><wx w="594"/><wx w="676"/><wx w="594"/><wx w="616"/><wx w="531"/><wx w="776"/><wx w="678"/><wx w="250"/><wx w="615"/><wx w="551"/><wx w="615"/><wx w="551"/><wx w="876"/><wx w="895"/><wx w="568"/><wx w="553"/><wx w="708"/><wx w="553"/><wx w="708"/><wx w="553"/><wx w="969"/><wx w="810"/><wx w="576"/><wx w="478"/><wx w="599"/><wx w="519"/><wx w="672"/><wx w="584"/><wx w="672"/><wx w="584"/><wx w="708"/><wx w="550"/><wx w="708"/><wx w="550"/><wx w="708"/><wx w="550"/><wx w="628"/><wx w="493"/><wx w="548"/><wx w="532"/><wx w="548"/><wx w="532"/><wx w="548"/><wx w="532"/><wx w="616"/><wx w="531"/><wx w="500"/><wx w="441"/><wx w="736"/><wx w="710"/><wx w="606"/><wx w="500"/><wx w="616"/><wx w="532"/><wx w="616"/><wx w="532"/><wx w="617"/><wx w="530"/><wx w="905"/><wx w="807"/><wx w="876"/><wx w="782"/><wx w="610"/><wx w="529"/><wx w="964"/><wx w="861"/><wx w="964"/><wx w="870"/><wx w="697"/><wx w="593"/><wx w="695"/><wx w="639"/><wx w="552"/><wx w="486"/><wx w="676"/><wx w="575"/><wx w="779"/><wx w="658"/><wx w="793"/><wx w="793"/><wx w="658"/><wx w="579"/><wx w="613"/><wx w="658"/><wx w="765"/><wx w="793"/><wx w="658"/><wx w="500"/><wx w="741"/><wx w="887"/><wx w="658"/><wx w="636"/><wx w="579"/><wx w="793"/><wx w="698"/><wx w="793"/><wx w="658"/><wx w="755"/><wx w="658"/><wx w="658"/><wx w="658"/><wx w="711"/><wx w="579"/><wx w="793"/><wx w="658"/><wx w="793"/><wx w="571"/><wx w="658"/><wx w="658"/><wx w="719"/><wx w="774"/><wx w="710"/><wx w="708"/><wx w="571"/><wx w="276"/><wx w="285"/><wx w="449"/><wx w="449"/><wx w="352"/><wx w="473"/><wx w="449"/><wx w="876"/><wx w="570"/><wx w="685"/><wx w="689"/><wx w="570"/><wx w="626"/><wx w="479"/><wx w="570"/><wx w="629"/><wx w="626"/><wx w="570"/><wx w="363"/><wx w="804"/><wx w="576"/><wx w="570"/><wx w="570"/><wx w="571"/><wx w="631"/><wx w="570"/><wx w="593"/><wx w="250"/><wx w="683"/><wx w="463"/><wx w="570"/><wx w="407"/><wx w="876"/><wx w="463"/><wx w="691"/><wx w="570"/><wx w="625"/><wx w="875"/><wx w="570"/><wx w="621"/><wx w="451"/><wx w="875"/><wx w="583"/><wx w="550"/><wx w="565"/><wx w="686"/><wx w="303"/><wx w="389"/><wx w="0"/><wx w="0"/><wx w="0"/><wx w="0"/><wx w="0"/><wx w="0"/><wx w="0"/><wx w="0"/><wx w="0"/><wx w="0"/><wx w="0"/><wx w="0"/><wx w="0"/><wx w="0"/><wx w="324"/><wx w="0"/><wx w="265"/><wx w="0"/><wx w="0"/><wx w="265"/><wx w="410"/><wx w="0"/><wx w="565"/><wx w="547"/><wx w="402"/><wx w="534"/><wx w="575"/><wx w="245"/><wx w="380"/><wx w="575"/><wx w="583"/><wx w="245"/><wx w="532"/><wx w="500"/><wx w="539"/><wx w="575"/><wx w="592"/><wx w="245"/><wx w="396"/><wx w="629"/><wx w="571"/><wx w="575"/><wx w="543"/><wx w="468"/><wx w="522"/><wx w="596"/><wx w="532"/><wx w="727"/><wx w="591"/><wx w="423"/><wx w="408"/><wx w="423"/><wx w="373"/><wx w="580"/><wx w="586"/><wx w="603"/><wx w="615"/><wx w="619"/><wx w="434"/><wx w="564"/><wx w="615"/><wx w="618"/><wx w="577"/><wx w="577"/><wx w="604"/><wx w="589"/><wx w="576"/><wx w="532"/><wx w="532"/><wx w="670"/><wx w="689"/><wx w="617"/><wx w="617"/><wx w="631"/><wx w="618"/><wx w="615"/><wx w="584"/><wx w="568"/><wx w="632"/><wx w="736"/><wx w="569"/><wx w="615"/><wx w="708"/><wx w="568"/><wx w="0"/><wx w="484"/><wx w="484"/><wx w="0"/><wx w="0"/><wx w="0"/><wx w="0"/><wx w="0"/><wx w="0"/><wx w="0"/><wx w="0"/><wx w="596"/><wx w="324"/><wx w="610"/><wx w="413"/><wx w="492"/><wx w="441"/><wx w="606"/><wx w="0"/><wx w="0"/><wx w="0"/><wx w="0"/><wx w="0"/><wx w="0"/><wx w="572"/><wx w="576"/><wx w="576"/><wx w="603"/><wx w="562"/><wx w="562"/><wx w="632"/><wx w="603"/><wx w="608"/><wx w="925"/><wx w="925"/><wx w="615"/><wx w="615"/><wx w="615"/><wx w="615"/><wx w="691"/><wx w="728"/><wx w="728"/><wx w="728"/><wx w="691"/><wx w="646"/><wx w="751"/><wx w="750"/><wx w="751"/><wx w="750"/><wx w="751"/><wx w="750"/><wx w="870"/><wx w="905"/><wx w="870"/><wx w="905"/><wx w="728"/><wx w="870"/><wx w="905"/><wx w="870"/><wx w="905"/><wx w="646"/><wx w="229"/><wx w="488"/><wx w="380"/><wx w="380"/><wx w="350"/><wx w="350"/><wx w="353"/><wx w="350"/><wx w="418"/><wx w="346"/><wx w="229"/><wx w="350"/><wx w="350"/><wx w="350"/><wx w="980"/><wx w="817"/><wx w="857"/><wx w="1004"/><wx w="615"/><wx w="615"/><wx w="615"/><wx w="615"/><wx w="655"/><wx w="565"/><wx w="565"/><wx w="565"/><wx w="655"/><wx w="565"/><wx w="751"/><wx w="615"/><wx w="751"/><wx w="750"/><wx w="751"/><wx w="750"/><wx w="870"/><wx w="905"/><wx w="870"/><wx w="905"/><wx w="870"/><wx w="905"/><wx w="870"/><wx w="905"/><wx w="655"/><wx w="457"/><wx w="172"/><wx w="658"/><wx w="658"/><wx w="658"/><wx w="658"/><wx w="656"/><wx w="656"/><wx w="656"/><wx w="656"/><wx w="656"/><wx w="656"/><wx w="828"/><wx w="799"/><wx w="828"/><wx w="799"/><wx w="828"/><wx w="799"/><wx w="834"/><wx w="810"/><wx w="834"/><wx w="810"/><wx w="852"/><wx w="810"/><wx w="852"/><wx w="810"/><wx w="852"/><wx w="390"/><wx w="789"/><wx w="789"/><wx w="778"/><wx w="800"/><wx w="565"/><wx w="565"/><wx w="565"/><wx w="565"/><wx w="565"/><wx w="565"/><wx w="565"/><wx w="565"/><wx w="565"/><wx w="773"/><wx w="693"/><wx w="733"/><wx w="733"/><wx w="733"/><wx w="733"/><wx w="773"/><wx w="693"/><wx w="773"/><wx w="693"/><wx w="733"/><wx w="733"/><wx w="733"/><wx w="733"/><wx w="733"/><wx w="365"/><wx w="365"/><wx w="675"/><wx w="697"/><wx w="675"/><wx w="697"/><wx w="565"/><wx w="565"/><wx w="565"/><wx w="565"/><wx w="565"/><wx w="565"/><wx w="565"/><wx w="565"/><wx w="565"/><wx w="773"/><wx w="693"/><wx w="733"/><wx w="733"/><wx w="733"/><wx w="733"/><wx w="773"/><wx w="693"/><wx w="773"/><wx w="693"/><wx w="733"/><wx w="733"/><wx w="733"/><wx w="733"/><wx w="733"/><wx w="391"/><wx w="391"/><wx w="548"/><wx w="470"/><wx w="500"/><wx w="470"/><wx w="548"/><wx w="548"/><wx w="470"/><wx w="500"/><wx w="500"/><wx w="673"/><wx w="691"/><wx w="671"/><wx w="687"/><wx w="671"/><wx w="687"/><wx w="673"/><wx w="691"/><wx w="673"/><wx w="691"/><wx w="671"/><wx w="687"/><wx w="671"/><wx w="687"/><wx w="671"/><wx w="347"/><wx w="457"/><wx w="347"/><wx w="766"/><wx w="766"/><wx w="766"/><wx w="766"/><wx w="766"/><wx w="718"/><wx w="718"/><wx w="766"/><wx w="718"/><wx w="962"/><wx w="931"/><wx w="953"/><wx w="766"/><wx w="953"/><wx w="718"/><wx w="766"/><wx w="540"/><wx w="407"/><wx w="540"/><wx w="766"/><wx w="766"/><wx w="766"/><wx w="766"/><wx w="766"/><wx w="718"/><wx w="718"/><wx w="766"/><wx w="718"/><wx w="962"/><wx w="931"/><wx w="953"/><wx w="926"/><wx w="953"/><wx w="926"/><wx w="962"/><wx w="931"/><wx w="962"/><wx w="931"/><wx w="974"/><wx w="926"/><wx w="974"/><wx w="926"/><wx w="540"/><wx w="655"/><wx w="542"/><wx w="542"/><wx w="542"/><wx w="542"/><wx w="542"/><wx w="542"/><wx w="542"/><wx w="542"/><wx w="542"/><wx w="750"/><wx w="678"/><wx w="712"/><wx w="693"/><wx w="712"/><wx w="693"/><wx w="750"/><wx w="678"/><wx w="750"/><wx w="678"/><wx w="712"/><wx w="693"/><wx w="712"/><wx w="693"/><wx w="712"/><wx w="376"/><wx w="377"/><wx w="376"/><wx w="640"/><wx w="640"/><wx w="640"/><wx w="802"/><wx w="802"/><wx w="802"/><wx w="802"/><wx w="818"/><wx w="784"/><wx w="818"/><wx w="784"/><wx w="818"/><wx w="784"/><wx w="1025"/><wx w="989"/><wx w="1025"/><wx w="989"/><wx w="1025"/><wx w="989"/><wx w="1025"/><wx w="989"/><wx w="576"/><wx w="563"/><wx w="563"/><wx w="563"/><wx w="563"/><wx w="563"/><wx w="563"/><wx w="563"/><wx w="563"/><wx w="563"/><wx w="759"/><wx w="702"/><wx w="733"/><wx w="736"/><wx w="733"/><wx w="736"/><wx w="759"/><wx w="702"/><wx w="759"/><wx w="702"/><wx w="733"/><wx w="736"/><wx w="733"/><wx w="736"/><wx w="733"/><wx w="376"/><wx w="350"/><wx w="435"/><wx w="823"/><wx w="823"/><wx w="776"/><wx w="823"/><wx w="776"/><wx w="776"/><wx w="542"/><wx w="542"/><wx w="542"/><wx w="542"/><wx w="542"/><wx w="542"/><wx w="750"/><wx w="678"/><wx w="376"/><wx w="655"/><wx w="615"/><wx w="615"/><wx w="615"/><wx w="615"/><wx w="653"/><wx w="604"/><wx w="653"/><wx w="653"/><wx w="831"/><wx w="905"/><wx w="457"/><wx w="658"/><wx w="658"/><wx w="658"/><wx w="658"/><wx w="658"/><wx w="658"/><wx w="656"/><wx w="656"/><wx w="656"/><wx w="656"/><wx w="852"/><wx w="810"/><wx w="457"/><wx w="747"/><wx w="747"/><wx w="747"/><wx w="747"/><wx w="747"/><wx w="747"/><wx w="747"/><wx w="506"/><wx w="676"/><wx w="435"/><wx w="941"/><wx w="941"/><wx w="941"/><wx w="941"/><wx w="941"/><wx w="941"/><wx w="941"/><wx w="742"/><wx w="747"/><wx w="747"/><wx w="747"/><wx w="747"/><wx w="1133"/><wx w="1133"/><wx w="1133"/><wx w="901"/><wx w="901"/><wx w="1133"/><wx w="1133"/><wx w="629"/><wx w="965"/><wx w="766"/><wx w="766"/><wx w="718"/><wx w="718"/><wx w="718"/><wx w="718"/><wx w="540"/><wx w="578"/><wx w="578"/><wx w="578"/><wx w="578"/><wx w="578"/><wx w="578"/><wx w="578"/><wx w="376"/><wx w="565"/><wx w="692"/><wx w="692"/><wx w="421"/><wx w="421"/><wx w="399"/><wx w="941"/><wx w="1178"/><wx w="1468"/><wx w="1468"/><wx w="1237"/><wx w="1237"/><wx w="1468"/><wx w="1468"/><wx w="532"/><wx w="645"/><wx w="883"/><wx w="527"/><wx w="494"/><wx w="544"/><wx w="544"/><wx w="441"/><wx w="486"/><wx w="250"/><wx w="354"/><wx w="520"/><wx w="524"/><wx w="678"/><wx w="584"/><wx w="550"/><wx w="494"/><wx w="615"/><wx w="615"/><wx w="615"/><wx w="920"/><wx w="550"/><wx w="550"/><wx w="471"/><wx w="541"/><wx w="541"/><wx w="523"/><wx w="516"/><wx w="663"/><wx w="852"/><wx w="573"/><wx w="532"/><wx w="735"/><wx w="472"/><wx w="473"/><wx w="524"/><wx w="532"/><wx w="507"/><wx w="471"/><wx w="531"/><wx w="575"/><wx w="387"/><wx w="551"/><wx w="388"/><wx w="436"/><wx w="357"/><wx w="357"/><wx w="438"/><wx w="426"/><wx w="166"/><wx w="166"/><wx w="371"/><wx w="315"/><wx w="488"/><wx w="423"/><wx w="423"/><wx w="445"/><wx w="395"/><wx w="341"/><wx w="393"/><wx w="346"/><wx w="414"/><wx w="560"/><wx w="352"/><wx w="352"/><wx w="364"/><wx w="583"/><wx w="385"/><wx w="364"/><wx w="375"/><wx w="375"/><wx w="324"/><wx w="323"/><wx w="364"/><wx w="160"/><wx w="382"/><wx w="560"/><wx w="367"/><wx w="372"/><wx w="333"/><wx w="372"/><wx w="372"/><wx w="385"/><wx w="265"/><wx w="364"/><wx w="422"/><wx w="560"/><wx w="375"/><wx w="899"/><wx w="361"/><wx w="334"/><wx w="346"/><wx w="373"/><wx w="327"/><wx w="160"/><wx w="232"/><wx w="364"/><wx w="375"/><wx w="361"/><wx w="334"/><wx w="346"/><wx w="373"/><wx w="327"/><wx w="571"/><wx w="426"/><wx w="333"/><wx w="250"/><wx w="364"/><wx w="333"/><wx w="333"/><wx w="372"/><wx w="324"/><wx w="266"/><wx w="209"/><wx w="364"/><wx w="364"/><wx w="234"/><wx w="224"/><wx w="234"/><wx w="234"/><wx w="210"/><wx w="224"/><wx w="210"/><wx w="338"/><wx w="560"/><wx w="560"/><wx w="369"/><wx w="431"/><wx w="367"/><wx w="372"/><wx w="372"/><wx w="324"/><wx w="257"/><wx w="265"/><wx w="457"/><wx w="376"/><wx w="325"/><wx w="365"/><wx w="375"/><wx w="329"/><wx w="392"/><wx w="329"/><wx w="352"/><wx w="372"/><wx w="0"/><wx w="0"/><wx w="0"/><wx w="0"/><wx w="0"/><wx w="0"/><wx w="615"/><wx w="551"/><wx w="617"/><wx w="571"/><wx w="617"/><wx w="571"/><wx w="617"/><wx w="571"/><wx w="628"/><wx w="494"/><wx w="692"/><wx w="571"/><wx w="692"/><wx w="571"/><wx w="692"/><wx w="571"/><wx w="692"/><wx w="571"/><wx w="692"/><wx w="571"/><wx w="568"/><wx w="553"/><wx w="568"/><wx w="553"/><wx w="568"/><wx w="553"/><wx w="568"/><wx w="553"/><wx w="568"/><wx w="553"/><wx w="517"/><wx w="316"/><wx w="697"/><wx w="571"/><wx w="676"/><wx w="570"/><wx w="676"/><wx w="570"/><wx w="676"/><wx w="570"/><wx w="676"/><wx w="570"/><wx w="676"/><wx w="570"/><wx w="265"/><wx w="250"/><wx w="265"/><wx w="250"/><wx w="589"/><wx w="520"/><wx w="589"/><wx w="520"/><wx w="589"/><wx w="520"/><wx w="500"/><wx w="250"/><wx w="500"/><wx w="250"/><wx w="500"/><wx w="250"/><wx w="500"/><wx w="250"/><wx w="776"/><wx w="876"/><wx w="776"/><wx w="876"/><wx w="776"/><wx w="876"/><wx w="672"/><wx w="570"/><wx w="672"/><wx w="570"/><wx w="672"/><wx w="570"/><wx w="672"/><wx w="570"/><wx w="708"/><wx w="550"/><wx w="708"/><wx w="550"/><wx w="708"/><wx w="550"/><wx w="708"/><wx w="550"/><wx w="542"/><wx w="571"/><wx w="542"/><wx w="571"/><wx w="625"/><wx w="369"/><wx w="625"/><wx w="369"/><wx w="625"/><wx w="369"/><wx w="625"/><wx w="369"/><wx w="571"/><wx w="468"/><wx w="571"/><wx w="468"/><wx w="571"/><wx w="468"/><wx w="571"/><wx w="468"/><wx w="571"/><wx w="468"/><wx w="549"/><wx w="352"/><wx w="549"/><wx w="352"/><wx w="549"/><wx w="352"/><wx w="549"/><wx w="352"/><wx w="658"/><wx w="570"/><wx w="658"/><wx w="570"/><wx w="658"/><wx w="570"/><wx w="658"/><wx w="570"/><wx w="658"/><wx w="570"/><wx w="615"/><wx w="532"/><wx w="615"/><wx w="532"/><wx w="889"/><wx w="735"/><wx w="889"/><wx w="735"/><wx w="889"/><wx w="735"/><wx w="889"/><wx w="735"/><wx w="889"/><wx w="735"/><wx w="616"/><wx w="532"/><wx w="616"/><wx w="532"/><wx w="549"/><wx w="532"/><wx w="616"/><wx w="472"/><wx w="616"/><wx w="472"/><wx w="616"/><wx w="472"/><wx w="570"/><wx w="352"/><wx w="735"/><wx w="532"/><wx w="551"/><wx w="316"/><wx w="615"/><wx w="551"/><wx w="615"/><wx w="551"/><wx w="615"/><wx w="551"/><wx w="615"/><wx w="551"/><wx w="615"/><wx w="551"/><wx w="615"/><wx w="551"/><wx w="615"/><wx w="551"/><wx w="615"/><wx w="551"/><wx w="615"/><wx w="551"/><wx w="615"/><wx w="551"/><wx w="615"/><wx w="551"/><wx w="615"/><wx w="551"/><wx w="568"/><wx w="553"/><wx w="568"/><wx w="553"/><wx w="568"/><wx w="553"/><wx w="568"/><wx w="553"/><wx w="568"/><wx w="553"/><wx w="568"/><wx w="553"/><wx w="568"/><wx w="553"/><wx w="568"/><wx w="553"/><wx w="265"/><wx w="250"/><wx w="265"/><wx w="250"/><wx w="708"/><wx w="550"/><wx w="708"/><wx w="550"/><wx w="708"/><wx w="550"/><wx w="708"/><wx w="550"/><wx w="708"/><wx w="550"/><wx w="708"/><wx w="550"/><wx w="708"/><wx w="550"/><wx w="821"/><wx w="550"/><wx w="821"/><wx w="550"/><wx w="821"/><wx w="550"/><wx w="821"/><wx w="550"/><wx w="821"/><wx w="550"/><wx w="658"/><wx w="570"/><wx w="658"/><wx w="570"/><wx w="754"/><wx w="570"/><wx w="754"/><wx w="570"/><wx w="754"/><wx w="570"/><wx w="754"/><wx w="570"/><wx w="754"/><wx w="570"/><wx w="549"/><wx w="532"/><wx w="549"/><wx w="532"/><wx w="549"/><wx w="532"/><wx w="549"/><wx w="532"/><wx w="593"/><wx w="593"/><wx w="593"/><wx w="593"/><wx w="593"/><wx w="593"/><wx w="593"/><wx w="593"/><wx w="615"/><wx w="615"/><wx w="789"/><wx w="789"/><wx w="691"/><wx w="720"/><wx w="637"/><wx w="667"/><wx w="486"/><wx w="486"/><wx w="486"/><wx w="486"/><wx w="486"/><wx w="486"/><wx w="639"/><wx w="639"/><wx w="869"/><wx w="876"/><wx w="808"/><wx w="834"/><wx w="570"/><wx w="570"/><wx w="570"/><wx w="570"/><wx w="570"/><wx w="570"/><wx w="570"/><wx w="570"/><wx w="752"/><wx w="751"/><wx w="977"/><wx w="979"/><wx w="923"/><wx w="945"/><wx w="839"/><wx w="852"/><wx w="304"/><wx w="304"/><wx w="304"/><wx w="304"/><wx w="304"/><wx w="304"/><wx w="304"/><wx w="304"/><wx w="341"/><wx w="336"/><wx w="571"/><wx w="571"/><wx w="513"/><wx w="539"/><wx w="439"/><wx w="443"/><wx w="550"/><wx w="550"/><wx w="550"/><wx w="550"/><wx w="550"/><wx w="550"/><wx w="723"/><wx w="763"/><wx w="984"/><wx w="989"/><wx w="844"/><wx w="873"/><wx w="520"/><wx w="520"/><wx w="520"/><wx w="520"/><wx w="520"/><wx w="520"/><wx w="520"/><wx w="520"/><wx w="705"/><wx w="897"/><wx w="910"/><wx w="807"/><wx w="753"/><wx w="753"/><wx w="753"/><wx w="753"/><wx w="753"/><wx w="753"/><wx w="753"/><wx w="753"/><wx w="721"/><wx w="758"/><wx w="979"/><wx w="985"/><wx w="851"/><wx w="874"/><wx w="829"/><wx w="856"/><wx w="593"/><wx w="593"/><wx w="486"/><wx w="493"/><wx w="570"/><wx w="588"/><wx w="304"/><wx w="304"/><wx w="550"/><wx w="550"/><wx w="520"/><wx w="520"/><wx w="753"/><wx w="753"/><wx w="593"/><wx w="593"/><wx w="593"/><wx w="593"/><wx w="593"/><wx w="593"/><wx w="593"/><wx w="593"/><wx w="615"/><wx w="615"/><wx w="789"/><wx w="789"/><wx w="691"/><wx w="720"/><wx w="637"/><wx w="667"/><wx w="570"/><wx w="570"/><wx w="570"/><wx w="570"/><wx w="570"/><wx w="570"/><wx w="570"/><wx w="570"/><wx w="752"/><wx w="751"/><wx w="977"/><wx w="979"/><wx w="923"/><wx w="945"/><wx w="839"/><wx w="852"/><wx w="753"/><wx w="753"/><wx w="753"/><wx w="753"/><wx w="753"/><wx w="753"/><wx w="753"/><wx w="753"/><wx w="721"/><wx w="758"/><wx w="979"/><wx w="985"/><wx w="851"/><wx w="874"/><wx w="829"/><wx w="856"/><wx w="593"/><wx w="593"/><wx w="593"/><wx w="593"/><wx w="593"/><wx w="593"/><wx w="593"/><wx w="615"/><wx w="615"/><wx w="644"/><wx w="623"/><wx w="615"/><wx w="449"/><wx w="449"/><wx w="449"/><wx w="449"/><wx w="449"/><wx w="570"/><wx w="570"/><wx w="588"/><wx w="570"/><wx w="570"/><wx w="724"/><wx w="671"/><wx w="837"/><wx w="783"/><wx w="676"/><wx w="449"/><wx w="449"/><wx w="449"/><wx w="304"/><wx w="304"/><wx w="304"/><wx w="304"/><wx w="304"/><wx w="304"/><wx w="265"/><wx w="265"/><wx w="427"/><wx w="367"/><wx w="449"/><wx w="449"/><wx w="449"/><wx w="520"/><wx w="520"/><wx w="520"/><wx w="520"/><wx w="571"/><wx w="571"/><wx w="520"/><wx w="520"/><wx w="549"/><wx w="549"/><wx w="760"/><wx w="742"/><wx w="616"/><wx w="449"/><wx w="449"/><wx w="449"/><wx w="753"/><wx w="753"/><wx w="753"/><wx w="753"/><wx w="753"/><wx w="846"/><wx w="730"/><wx w="830"/><wx w="742"/><wx w="687"/><wx w="449"/><wx w="449"/><wx w="449"/><wx w="899"/><wx w="449"/><wx w="899"/><wx w="296"/><wx w="224"/><wx w="149"/><wx w="572"/><wx w="285"/><wx w="179"/><wx w="89"/><wx w="0"/><wx w="0"/><wx w="0"/><wx w="0"/><wx w="0"/><wx w="324"/><wx w="324"/><wx w="572"/><wx w="449"/><wx w="899"/><wx w="899"/><wx w="0"/><wx w="449"/><wx w="285"/><wx w="285"/><wx w="285"/><wx w="285"/><wx w="465"/><wx w="465"/><wx w="465"/><wx w="465"/><wx w="449"/><wx w="449"/><wx w="530"/><wx w="530"/><wx w="299"/><wx w="599"/><wx w="899"/><wx w="285"/><wx w="0"/><wx w="0"/><wx w="0"/><wx w="0"/><wx w="0"/><wx w="179"/><wx w="1214"/><wx w="1520"/><wx w="204"/><wx w="335"/><wx w="467"/><wx w="204"/><wx w="335"/><wx w="467"/><wx w="304"/><wx w="359"/><wx w="359"/><wx w="753"/><wx w="436"/><wx w="477"/><wx w="449"/><wx w="723"/><wx w="723"/><wx w="224"/><wx w="899"/><wx w="449"/><wx w="149"/><wx w="351"/><wx w="351"/><wx w="829"/><wx w="659"/><wx w="659"/><wx w="447"/><wx w="572"/><wx w="449"/><wx w="449"/><wx w="449"/><wx w="303"/><wx w="723"/><wx w="449"/><wx w="404"/><wx w="753"/><wx w="723"/><wx w="753"/><wx w="527"/><wx w="596"/><wx w="753"/><wx w="753"/><wx w="285"/><wx w="717"/><wx w="753"/><wx w="285"/><wx w="285"/><wx w="199"/><wx w="0"/><wx w="0"/><wx w="0"/><wx w="0"/><wx w="0"/><wx w="0"/><wx w="0"/><wx w="0"/><wx w="0"/><wx w="0"/><wx w="360"/><wx w="160"/><wx w="360"/><wx w="360"/><wx w="360"/><wx w="360"/><wx w="360"/><wx w="360"/><wx w="474"/><wx w="474"/><wx w="474"/><wx w="220"/><wx w="220"/><wx w="358"/><wx w="360"/><wx w="360"/><wx w="360"/><wx w="360"/><wx w="360"/><wx w="360"/><wx w="360"/><wx w="360"/><wx w="360"/><wx w="360"/><wx w="474"/><wx w="474"/><wx w="474"/><wx w="220"/><wx w="220"/><wx w="352"/><wx w="375"/><wx w="372"/><wx w="399"/><wx w="375"/><wx w="789"/><wx w="572"/><wx w="572"/><wx w="572"/><wx w="572"/><wx w="876"/><wx w="672"/><wx w="1143"/><wx w="966"/><wx w="889"/><wx w="753"/><wx w="572"/><wx w="572"/><wx w="589"/><wx w="549"/><wx w="1145"/><wx w="572"/><wx w="572"/><wx w="572"/><wx w="572"/><wx w="696"/><wx w="576"/><wx w="0"/><wx w="0"/><wx w="0"/><wx w="0"/><wx w="872"/><wx w="872"/><wx w="628"/><wx w="1010"/><wx w="806"/><wx w="871"/><wx w="928"/><wx w="552"/><wx w="628"/><wx w="856"/><wx w="889"/><wx w="647"/><wx w="764"/><wx w="570"/><wx w="570"/><wx w="422"/><wx w="627"/><wx w="647"/><wx w="371"/><wx w="735"/><wx w="720"/><wx w="936"/><wx w="899"/><wx w="627"/><wx w="631"/><wx w="708"/><wx w="717"/><wx w="732"/><wx w="712"/><wx w="806"/><wx w="615"/><wx w="917"/><wx w="912"/><wx w="899"/><wx w="615"/><wx w="669"/><wx w="519"/><wx w="687"/><wx w="687"/><wx w="554"/><wx w="304"/><wx w="589"/><wx w="615"/><wx w="707"/><wx w="632"/><wx w="769"/><wx w="532"/><wx w="544"/><wx w="707"/><wx w="517"/><wx w="962"/><wx w="415"/><wx w="670"/><wx w="606"/><wx w="404"/><wx w="625"/><wx w="341"/><wx w="833"/><wx w="1041"/><wx w="631"/><wx w="654"/><wx w="588"/><wx w="763"/><wx w="729"/><wx w="697"/><wx w="500"/><wx w="500"/><wx w="549"/><wx w="736"/><wx w="637"/><wx w="553"/><wx w="315"/><wx w="315"/><wx w="701"/><wx w="473"/><wx w="872"/><wx w="872"/><wx w="872"/><wx w="872"/><wx w="872"/><wx w="872"/><wx w="872"/><wx w="872"/><wx w="872"/><wx w="872"/><wx w="872"/><wx w="872"/><wx w="510"/><wx w="265"/><wx w="442"/><wx w="620"/><wx w="830"/><wx w="615"/><wx w="830"/><wx w="1007"/><wx w="1185"/><wx w="825"/><wx w="616"/><wx w="839"/><wx w="1018"/><wx w="500"/><wx w="628"/><wx w="692"/><wx w="776"/><wx w="250"/><wx w="411"/><wx w="573"/><wx w="729"/><wx w="532"/><wx w="729"/><wx w="891"/><wx w="1053"/><wx w="736"/><wx w="532"/><wx w="739"/><wx w="901"/><wx w="250"/><wx w="494"/><wx w="571"/><wx w="876"/><wx w="1120"/><wx w="692"/><wx w="1120"/><wx w="632"/><wx w="494"/><wx w="753"/><wx w="753"/><wx w="753"/><wx w="753"/><wx w="753"/><wx w="753"/><wx w="753"/><wx w="753"/><wx w="753"/><wx w="753"/><wx w="753"/><wx w="753"/><wx w="753"/><wx w="753"/><wx w="753"/><wx w="753"/><wx w="753"/><wx w="753"/><wx w="753"/><wx w="753"/><wx w="753"/><wx w="753"/><wx w="753"/><wx w="753"/><wx w="753"/><wx w="753"/><wx w="753"/><wx w="753"/><wx w="753"/><wx w="753"/><wx w="753"/><wx w="753"/><wx w="753"/><wx w="753"/><wx w="753"/><wx w="753"/><wx w="753"/><wx w="753"/><wx w="753"/><wx w="753"/><wx w="753"/><wx w="753"/><wx w="753"/><wx w="753"/><wx w="753"/><wx w="753"/><wx w="753"/><wx w="753"/><wx w="753"/><wx w="753"/><wx w="753"/><wx w="753"/><wx w="753"/><wx w="753"/><wx w="753"/><wx w="753"/><wx w="753"/><wx w="753"/><wx w="753"/><wx w="753"/><wx w="753"/><wx w="753"/><wx w="753"/><wx w="753"/><wx w="753"/><wx w="753"/><wx w="753"/><wx w="753"/><wx w="753"/><wx w="753"/><wx w="753"/><wx w="753"/><wx w="753"/><wx w="753"/><wx w="753"/><wx w="753"/><wx w="753"/><wx w="753"/><wx w="753"/><wx w="753"/><wx w="753"/><wx w="753"/><wx w="753"/><wx w="753"/><wx w="753"/><wx w="753"/><wx w="753"/><wx w="753"/><wx w="753"/><wx w="753"/><wx w="753"/><wx w="753"/><wx w="753"/><wx w="753"/><wx w="753"/><wx w="753"/><wx w="753"/><wx w="753"/><wx w="753"/><wx w="753"/><wx w="753"/><wx w="753"/><wx w="753"/><wx w="753"/><wx w="753"/><wx w="753"/><wx w="753"/><wx w="753"/><wx w="753"/><wx w="753"/><wx w="753"/><wx w="753"/><wx w="615"/><wx w="572"/><wx w="465"/><wx w="568"/><wx w="568"/><wx w="783"/><wx w="602"/><wx w="602"/><wx w="783"/><wx w="783"/><wx w="645"/><wx w="783"/><wx w="783"/><wx w="645"/><wx w="572"/><wx w="681"/><wx w="681"/><wx w="606"/><wx w="753"/><wx w="753"/><wx w="753"/><wx w="149"/><wx w="572"/><wx w="753"/><wx w="562"/><wx w="285"/><wx w="573"/><wx w="573"/><wx w="573"/><wx w="608"/><wx w="749"/><wx w="753"/><wx w="806"/><wx w="806"/><wx w="753"/><wx w="449"/><wx w="449"/><wx w="449"/><wx w="449"/><wx w="658"/><wx w="658"/><wx w="658"/><wx w="658"/><wx w="468"/><wx w="709"/><wx w="951"/><wx w="468"/><wx w="709"/><wx w="951"/><wx w="468"/><wx w="468"/><wx w="468"/><wx w="572"/><wx w="572"/><wx w="233"/><wx w="572"/><wx w="753"/><wx w="753"/><wx w="753"/><wx w="753"/><wx w="753"/><wx w="753"/><wx w="753"/><wx w="753"/><wx w="337"/><wx w="753"/><wx w="753"/><wx w="753"/><wx w="753"/><wx w="753"/><wx w="753"/><wx w="753"/><wx w="753"/><wx w="753"/><wx w="753"/><wx w="753"/><wx w="753"/><wx w="753"/><wx w="753"/><wx w="753"/><wx w="753"/><wx w="753"/><wx w="753"/><wx w="753"/><wx w="899"/><wx w="899"/><wx w="753"/><wx w="753"/><wx w="753"/><wx w="753"/><wx w="753"/><wx w="753"/><wx w="753"/><wx w="753"/><wx w="753"/><wx w="753"/><wx w="753"/><wx w="753"/><wx w="753"/><wx w="753"/><wx w="753"/><wx w="753"/><wx w="753"/><wx w="753"/><wx w="753"/><wx w="753"/><wx w="941"/><wx w="941"/><wx w="417"/><wx w="753"/><wx w="753"/><wx w="753"/><wx w="753"/><wx w="753"/><wx w="753"/><wx w="753"/><wx w="753"/><wx w="753"/><wx w="753"/><wx w="753"/><wx w="753"/><wx w="753"/><wx w="753"/><wx w="753"/><wx w="753"/><wx w="753"/><wx w="753"/><wx w="753"/><wx w="753"/><wx w="753"/><wx w="753"/><wx w="753"/><wx w="753"/><wx w="753"/><wx w="753"/><wx w="753"/><wx w="753"/><wx w="753"/><wx w="753"/><wx w="753"/><wx w="658"/><wx w="658"/><wx w="658"/><wx w="753"/><wx w="753"/><wx w="753"/><wx w="753"/><wx w="649"/><wx w="649"/><wx w="753"/><wx w="753"/><wx w="753"/><wx w="753"/><wx w="753"/><wx w="753"/><wx w="753"/><wx w="753"/><wx w="753"/><wx w="753"/><wx w="753"/><wx w="753"/><wx w="753"/><wx w="783"/><wx w="783"/><wx w="783"/><wx w="783"/><wx w="468"/><wx w="468"/><wx w="783"/><wx w="783"/><wx w="783"/><wx w="783"/><wx w="783"/><wx w="783"/><wx w="783"/><wx w="783"/><wx w="753"/><wx w="753"/><wx w="753"/><wx w="753"/><wx w="899"/><wx w="899"/><wx w="753"/><wx w="753"/><wx w="468"/><wx w="658"/><wx w="658"/><wx w="658"/><wx w="753"/><wx w="753"/><wx w="738"/><wx w="738"/><wx w="738"/><wx w="738"/><wx w="444"/><wx w="285"/><wx w="562"/><wx w="899"/><wx w="899"/><wx w="899"/><wx w="899"/><wx w="899"/><wx w="753"/><wx w="753"/><wx w="753"/><wx w="1279"/><wx w="1279"/><wx w="753"/><wx w="753"/><wx w="753"/><wx w="753"/><wx w="753"/><wx w="753"/><wx w="753"/><wx w="753"/><wx w="753"/><wx w="753"/><wx w="753"/><wx w="753"/><wx w="753"/><wx w="753"/><wx w="753"/><wx w="753"/><wx w="753"/><wx w="753"/><wx w="753"/><wx w="753"/><wx w="899"/><wx w="783"/><wx w="645"/><wx w="783"/><wx w="783"/><wx w="645"/><wx w="783"/><wx w="783"/><wx w="899"/><wx w="783"/><wx w="645"/><wx w="783"/><wx w="645"/><wx w="783"/><wx w="541"/><wx w="541"/><wx w="571"/><wx w="753"/><wx w="753"/><wx w="753"/><wx w="753"/><wx w="439"/><wx w="351"/><wx w="351"/><wx w="351"/><wx w="351"/><wx w="727"/><wx w="727"/><wx w="727"/><wx w="727"/><wx w="753"/><wx w="461"/><wx w="899"/><wx w="753"/><wx w="421"/><wx w="421"/><wx w="421"/><wx w="421"/><wx w="468"/><wx w="468"/><wx w="1037"/><wx w="1037"/><wx w="1037"/><wx w="1298"/><wx w="1272"/><wx w="785"/><wx w="304"/><wx w="571"/><wx w="753"/><wx w="593"/><wx w="681"/><wx w="1037"/><wx w="785"/><wx w="449"/><wx w="449"/><wx w="449"/><wx w="449"/><wx w="449"/><wx w="449"/><wx w="449"/><wx w="449"/><wx w="449"/><wx w="449"/><wx w="449"/><wx w="449"/><wx w="674"/><wx w="674"/><wx w="674"/><wx w="674"/><wx w="674"/><wx w="674"/><wx w="674"/><wx w="468"/><wx w="753"/><wx w="850"/><wx w="785"/><wx w="691"/><wx w="571"/><wx w="571"/><wx w="806"/><wx w="806"/><wx w="806"/><wx w="806"/><wx w="806"/><wx w="806"/><wx w="806"/><wx w="806"/><wx w="806"/><wx w="806"/><wx w="691"/><wx w="691"/><wx w="691"/><wx w="691"/><wx w="691"/><wx w="691"/><wx w="691"/><wx w="691"/><wx w="691"/><wx w="691"/><wx w="691"/><wx w="691"/><wx w="691"/><wx w="691"/><wx w="691"/><wx w="691"/><wx w="691"/><wx w="691"/><wx w="691"/><wx w="691"/><wx w="691"/><wx w="691"/><wx w="691"/><wx w="691"/><wx w="691"/><wx w="691"/><wx w="691"/><wx w="691"/><wx w="691"/><wx w="691"/><wx w="691"/><wx w="691"/><wx w="850"/><wx w="850"/><wx w="850"/><wx w="850"/><wx w="850"/><wx w="850"/><wx w="850"/><wx w="850"/><wx w="850"/><wx w="850"/><wx w="609"/><wx w="609"/><wx w="850"/><wx w="850"/><wx w="495"/><wx w="495"/><wx w="691"/><wx w="691"/><wx w="691"/><wx w="691"/><wx w="451"/><wx w="451"/><wx w="691"/><wx w="691"/><wx w="451"/><wx w="451"/><wx w="691"/><wx w="691"/><wx w="691"/><wx w="691"/><wx w="451"/><wx w="451"/><wx w="691"/><wx w="691"/><wx w="451"/><wx w="451"/><wx w="691"/><wx w="691"/><wx w="691"/><wx w="691"/><wx w="691"/><wx w="785"/><wx w="444"/><wx w="785"/><wx w="785"/><wx w="785"/><wx w="785"/><wx w="785"/><wx w="785"/><wx w="785"/><wx w="785"/><wx w="785"/><wx w="785"/><wx w="785"/><wx w="474"/><wx w="474"/><wx w="711"/><wx w="873"/><wx w="873"/><wx w="873"/><wx w="348"/><wx w="348"/><wx w="348"/><wx w="348"/><wx w="691"/><wx w="691"/><wx w="691"/><wx w="691"/><wx w="691"/><wx w="691"/><wx w="530"/><wx w="850"/><wx w="850"/><wx w="850"/><wx w="850"/><wx w="850"/><wx w="691"/><wx w="691"/><wx w="691"/><wx w="1006"/><wx w="850"/><wx w="850"/><wx w="850"/><wx w="850"/><wx w="785"/><wx w="785"/><wx w="785"/><wx w="785"/><wx w="691"/><wx w="691"/><wx w="691"/><wx w="747"/><wx w="747"/><wx w="659"/><wx w="659"/><wx w="691"/><wx w="806"/><wx w="899"/><wx w="806"/><wx w="806"/><wx w="806"/><wx w="806"/><wx w="806"/><wx w="515"/><wx w="806"/><wx w="806"/><wx w="799"/><wx w="799"/><wx w="604"/><wx w="911"/><wx w="1120"/><wx w="1125"/><wx w="806"/><wx w="806"/><wx w="806"/><wx w="479"/><wx w="806"/><wx w="806"/><wx w="806"/><wx w="806"/><wx w="806"/><wx w="806"/><wx w="806"/><wx w="806"/><wx w="806"/><wx w="547"/><wx w="806"/><wx w="547"/><wx w="806"/><wx w="806"/><wx w="806"/><wx w="806"/><wx w="602"/><wx w="671"/><wx w="584"/><wx w="705"/><wx w="490"/><wx w="806"/><wx w="806"/><wx w="806"/><wx w="639"/><wx w="806"/><wx w="806"/><wx w="806"/><wx w="806"/><wx w="806"/><wx w="806"/><wx w="806"/><wx w="806"/><wx w="806"/><wx w="806"/><wx w="806"/><wx w="806"/><wx w="806"/><wx w="806"/><wx w="806"/><wx w="806"/><wx w="806"/><wx w="806"/><wx w="552"/><wx w="657"/><wx w="657"/><wx w="806"/><wx w="806"/><wx w="806"/><wx w="806"/><wx w="806"/><wx w="806"/><wx w="806"/><wx w="806"/><wx w="806"/><wx w="806"/><wx w="806"/><wx w="806"/><wx w="806"/><wx w="806"/><wx w="806"/><wx w="806"/><wx w="806"/><wx w="806"/><wx w="806"/><wx w="806"/><wx w="806"/><wx w="806"/><wx w="806"/><wx w="806"/><wx w="806"/><wx w="806"/><wx w="806"/><wx w="806"/><wx w="806"/><wx w="806"/><wx w="806"/><wx w="806"/><wx w="806"/><wx w="806"/><wx w="806"/><wx w="806"/><wx w="806"/><wx w="806"/><wx w="806"/><wx w="424"/><wx w="574"/><wx w="806"/><wx w="806"/><wx w="424"/><wx w="321"/><wx w="435"/><wx w="672"/><wx w="688"/><wx w="806"/><wx w="806"/><wx w="806"/><wx w="806"/><wx w="806"/><wx w="806"/><wx w="806"/><wx w="806"/><wx w="806"/><wx w="806"/><wx w="806"/><wx w="806"/><wx w="806"/><wx w="806"/><wx w="782"/><wx w="782"/><wx w="782"/><wx w="782"/><wx w="782"/><wx w="782"/><wx w="800"/><wx w="800"/><wx w="800"/><wx w="800"/><wx w="800"/><wx w="800"/><wx w="800"/><wx w="800"/><wx w="800"/><wx w="800"/><wx w="674"/><wx w="674"/><wx w="800"/><wx w="734"/><wx w="644"/><wx w="483"/><wx w="766"/><wx w="800"/><wx w="615"/><wx w="800"/><wx w="636"/><wx w="800"/><wx w="800"/><wx w="800"/><wx w="800"/><wx w="753"/><wx w="753"/><wx w="753"/><wx w="753"/><wx w="753"/><wx w="753"/><wx w="753"/><wx w="753"/><wx w="753"/><wx w="753"/><wx w="753"/><wx w="753"/><wx w="753"/><wx w="753"/><wx w="759"/><wx w="753"/><wx w="657"/><wx w="753"/><wx w="753"/><wx w="753"/><wx w="753"/><wx w="753"/><wx w="753"/><wx w="753"/><wx w="753"/><wx w="753"/><wx w="753"/><wx w="753"/><wx w="753"/><wx w="753"/><wx w="753"/><wx w="753"/><wx w="753"/><wx w="753"/><wx w="753"/><wx w="753"/><wx w="753"/><wx w="753"/><wx w="753"/><wx w="753"/><wx w="753"/><wx w="753"/><wx w="753"/><wx w="753"/><wx w="753"/><wx w="753"/><wx w="753"/><wx w="753"/><wx w="753"/><wx w="753"/><wx w="753"/><wx w="753"/><wx w="753"/><wx w="753"/><wx w="753"/><wx w="753"/><wx w="753"/><wx w="753"/><wx w="753"/><wx w="753"/><wx w="753"/><wx w="753"/><wx w="753"/><wx w="753"/><wx w="753"/><wx w="753"/><wx w="753"/><wx w="753"/><wx w="753"/><wx w="753"/><wx w="753"/><wx w="753"/><wx w="753"/><wx w="753"/><wx w="753"/><wx w="753"/><wx w="753"/><wx w="753"/><wx w="753"/><wx w="753"/><wx w="753"/><wx w="753"/><wx w="753"/><wx w="753"/><wx w="753"/><wx w="753"/><wx w="753"/><wx w="753"/><wx w="806"/><wx w="806"/><wx w="806"/><wx w="806"/><wx w="806"/><wx w="806"/><wx w="753"/><wx w="753"/><wx w="753"/><wx w="290"/><wx w="290"/><wx w="483"/><wx w="483"/><wx w="753"/><wx w="753"/><wx w="753"/><wx w="753"/><wx w="753"/><wx w="753"/><wx w="753"/><wx w="753"/><wx w="753"/><wx w="753"/><wx w="753"/><wx w="753"/><wx w="753"/><wx w="753"/><wx w="753"/><wx w="753"/><wx w="753"/><wx w="753"/><wx w="753"/><wx w="753"/><wx w="753"/><wx w="806"/><wx w="806"/><wx w="806"/><wx w="806"/><wx w="806"/><wx w="806"/><wx w="806"/><wx w="806"/><wx w="806"/><wx w="806"/><wx w="753"/><wx w="753"/><wx w="753"/><wx w="753"/><wx w="753"/><wx w="753"/><wx w="753"/><wx w="753"/><wx w="753"/><wx w="753"/><wx w="753"/><wx w="753"/><wx w="753"/><wx w="753"/><wx w="753"/><wx w="753"/><wx w="753"/><wx w="753"/><wx w="753"/><wx w="753"/><wx w="753"/><wx w="753"/><wx w="753"/><wx w="753"/><wx w="753"/><wx w="753"/><wx w="753"/><wx w="753"/><wx w="753"/><wx w="753"/><wx w="753"/><wx w="753"/><wx w="753"/><wx w="753"/><wx w="753"/><wx w="753"/><wx w="753"/><wx w="753"/><wx w="753"/><wx w="753"/><wx w="753"/><wx w="753"/><wx w="753"/><wx w="753"/><wx w="753"/><wx w="753"/><wx w="753"/><wx w="753"/><wx w="753"/><wx w="753"/><wx w="753"/><wx w="753"/><wx w="753"/><wx w="753"/><wx w="753"/><wx w="753"/><wx w="753"/><wx w="753"/><wx w="753"/><wx w="444"/><wx w="445"/><wx w="445"/><wx w="351"/><wx w="351"/><wx w="500"/><wx w="500"/><wx w="753"/><wx w="753"/><wx w="753"/><wx w="753"/><wx w="1041"/><wx w="1290"/><wx w="1290"/><wx w="1290"/><wx w="1290"/><wx w="1290"/><wx w="1290"/><wx w="1290"/><wx w="1290"/><wx w="1290"/><wx w="1290"/><wx w="1290"/><wx w="659"/><wx w="659"/><wx w="659"/><wx w="659"/><wx w="659"/><wx w="659"/><wx w="659"/><wx w="659"/><wx w="659"/><wx w="659"/><wx w="659"/><wx w="659"/><wx w="659"/><wx w="659"/><wx w="659"/><wx w="659"/><wx w="659"/><wx w="659"/><wx w="659"/><wx w="659"/><wx w="659"/><wx w="659"/><wx w="659"/><wx w="659"/><wx w="659"/><wx w="659"/><wx w="659"/><wx w="659"/><wx w="659"/><wx w="659"/><wx w="659"/><wx w="659"/><wx w="659"/><wx w="659"/><wx w="659"/><wx w="659"/><wx w="659"/><wx w="659"/><wx w="659"/><wx w="659"/><wx w="659"/><wx w="659"/><wx w="659"/><wx w="659"/><wx w="659"/><wx w="659"/><wx w="659"/><wx w="659"/><wx w="659"/><wx w="659"/><wx w="659"/><wx w="659"/><wx w="659"/><wx w="659"/><wx w="659"/><wx w="659"/><wx w="659"/><wx w="659"/><wx w="659"/><wx w="659"/><wx w="659"/><wx w="659"/><wx w="659"/><wx w="659"/><wx w="659"/><wx w="659"/><wx w="659"/><wx w="659"/><wx w="659"/><wx w="659"/><wx w="659"/><wx w="659"/><wx w="659"/><wx w="659"/><wx w="659"/><wx w="659"/><wx w="659"/><wx w="659"/><wx w="659"/><wx w="659"/><wx w="659"/><wx w="659"/><wx w="659"/><wx w="659"/><wx w="659"/><wx w="659"/><wx w="659"/><wx w="659"/><wx w="659"/><wx w="659"/><wx w="659"/><wx w="659"/><wx w="659"/><wx w="659"/><wx w="659"/><wx w="659"/><wx w="659"/><wx w="659"/><wx w="659"/><wx w="659"/><wx w="659"/><wx w="659"/><wx w="659"/><wx w="659"/><wx w="659"/><wx w="659"/><wx w="659"/><wx w="659"/><wx w="659"/><wx w="659"/><wx w="659"/><wx w="659"/><wx w="659"/><wx w="659"/><wx w="659"/><wx w="659"/><wx w="659"/><wx w="659"/><wx w="659"/><wx w="659"/><wx w="659"/><wx w="659"/><wx w="659"/><wx w="659"/><wx w="659"/><wx w="659"/><wx w="659"/><wx w="659"/><wx w="659"/><wx w="659"/><wx w="659"/><wx w="659"/><wx w="659"/><wx w="659"/><wx w="659"/><wx w="659"/><wx w="659"/><wx w="659"/><wx w="659"/><wx w="659"/><wx w="659"/><wx w="659"/><wx w="659"/><wx w="659"/><wx w="659"/><wx w="659"/><wx w="659"/><wx w="659"/><wx w="659"/><wx w="659"/><wx w="659"/><wx w="659"/><wx w="659"/><wx w="659"/><wx w="659"/><wx w="659"/><wx w="659"/><wx w="659"/><wx w="659"/><wx w="659"/><wx w="659"/><wx w="659"/><wx w="659"/><wx w="659"/><wx w="659"/><wx w="659"/><wx w="659"/><wx w="659"/><wx w="659"/><wx w="659"/><wx w="659"/><wx w="659"/><wx w="659"/><wx w="659"/><wx w="659"/><wx w="659"/><wx w="659"/><wx w="659"/><wx w="659"/><wx w="659"/><wx w="659"/><wx w="659"/><wx w="659"/><wx w="659"/><wx w="659"/><wx w="659"/><wx w="659"/><wx w="659"/><wx w="659"/><wx w="659"/><wx w="659"/><wx w="659"/><wx w="659"/><wx w="659"/><wx w="659"/><wx w="659"/><wx w="659"/><wx w="659"/><wx w="659"/><wx w="659"/><wx w="659"/><wx w="659"/><wx w="659"/><wx w="659"/><wx w="659"/><wx w="659"/><wx w="659"/><wx w="659"/><wx w="659"/><wx w="659"/><wx w="659"/><wx w="659"/><wx w="659"/><wx w="659"/><wx w="659"/><wx w="659"/><wx w="659"/><wx w="659"/><wx w="659"/><wx w="659"/><wx w="659"/><wx w="659"/><wx w="659"/><wx w="659"/><wx w="659"/><wx w="659"/><wx w="659"/><wx w="659"/><wx w="659"/><wx w="659"/><wx w="659"/><wx w="659"/><wx w="659"/><wx w="659"/><wx w="659"/><wx w="659"/><wx w="659"/><wx w="659"/><wx w="659"/><wx w="659"/><wx w="659"/><wx w="659"/><wx w="659"/><wx w="659"/><wx w="659"/><wx w="659"/><wx w="659"/><wx w="659"/><wx w="659"/><wx w="659"/><wx w="659"/><wx w="659"/><wx w="659"/><wx w="659"/><wx w="659"/><wx w="659"/><wx w="753"/><wx w="753"/><wx w="753"/><wx w="753"/><wx w="614"/><wx w="614"/><wx w="660"/><wx w="660"/><wx w="753"/><wx w="899"/><wx w="899"/><wx w="899"/><wx w="899"/><wx w="899"/><wx w="899"/><wx w="899"/><wx w="444"/><wx w="899"/><wx w="899"/><wx w="899"/><wx w="1192"/><wx w="468"/><wx w="468"/><wx w="468"/><wx w="468"/><wx w="468"/><wx w="468"/><wx w="468"/><wx w="468"/><wx w="468"/><wx w="468"/><wx w="468"/><wx w="468"/><wx w="468"/><wx w="468"/><wx w="468"/><wx w="468"/><wx w="753"/><wx w="753"/><wx w="753"/><wx w="753"/><wx w="753"/><wx w="753"/><wx w="753"/><wx w="753"/><wx w="753"/><wx w="753"/><wx w="753"/><wx w="753"/><wx w="753"/><wx w="753"/><wx w="753"/><wx w="753"/><wx w="753"/><wx w="753"/><wx w="753"/><wx w="753"/><wx w="753"/><wx w="753"/><wx w="753"/><wx w="753"/><wx w="753"/><wx w="753"/><wx w="753"/><wx w="753"/><wx w="753"/><wx w="753"/><wx w="753"/><wx w="753"/><wx w="753"/><wx w="753"/><wx w="753"/><wx w="753"/><wx w="753"/><wx w="753"/><wx w="753"/><wx w="753"/><wx w="753"/><wx w="753"/><wx w="753"/><wx w="753"/><wx w="753"/><wx w="753"/><wx w="753"/><wx w="753"/><wx w="753"/><wx w="753"/><wx w="753"/><wx w="753"/><wx w="753"/><wx w="753"/><wx w="753"/><wx w="753"/><wx w="753"/><wx w="753"/><wx w="753"/><wx w="753"/><wx w="753"/><wx w="753"/><wx w="753"/><wx w="753"/><wx w="753"/><wx w="753"/><wx w="751"/><wx w="751"/><wx w="751"/><wx w="751"/><wx w="850"/><wx w="850"/><wx w="850"/><wx w="850"/><wx w="691"/><wx w="691"/><wx w="691"/><wx w="691"/><wx w="850"/><wx w="782"/><wx w="785"/><wx w="785"/><wx w="785"/><wx w="500"/><wx w="250"/><wx w="500"/><wx w="542"/><wx w="625"/><wx w="551"/><wx w="352"/><wx w="676"/><wx w="570"/><wx w="589"/><wx w="520"/><wx w="616"/><wx w="472"/><wx w="532"/><wx w="588"/><wx w="510"/><wx w="593"/><wx w="703"/><wx w="532"/><wx w="550"/><wx w="649"/><wx w="581"/><wx w="581"/><wx w="899"/><wx w="899"/><wx w="617"/><wx w="774"/><wx w="1081"/><wx w="1081"/><wx w="1076"/><wx w="1067"/><wx w="1375"/><wx w="266"/><wx w="0"/><wx w="444"/><wx w="571"/><wx w="770"/><wx w="696"/><wx w="814"/><wx w="694"/><wx w="758"/><wx w="769"/><wx w="726"/><wx w="787"/><wx w="753"/><wx w="719"/><wx w="719"/><wx w="719"/><wx w="719"/><wx w="596"/><wx w="596"/><wx w="596"/><wx w="589"/><wx w="408"/><wx w="546"/><wx w="621"/><wx w="302"/><wx w="392"/><wx w="899"/><wx w="614"/><wx w="302"/><wx w="577"/><wx w="599"/><wx w="571"/><wx w="662"/><wx w="410"/><wx w="694"/><wx w="585"/><wx w="599"/><wx w="575"/><wx w="618"/><wx w="577"/><wx w="719"/><wx w="652"/><wx w="245"/><wx w="589"/><wx w="599"/><wx w="599"/><wx w="565"/><wx w="0"/><wx w="0"/><wx w="0"/><wx w="0"/><wx w="0"/><wx w="0"/><wx w="0"/><wx w="0"/><wx w="0"/><wx w="0"/><wx w="0"/><wx w="0"/><wx w="0"/><wx w="0"/><wx w="0"/><wx w="0"/><wx w="922"/><wx w="0"/><wx w="0"/><wx w="0"/><wx w="0"/><wx w="0"/><wx w="0"/><wx w="0"/><wx w="0"/><wx w="0"/><wx w="0"/><wx w="0"/><wx w="0"/><wx w="672"/><wx w="333"/><wx w="329"/><wx w="615"/><wx w="615"/><wx w="615"/><wx w="615"/><wx w="615"/><wx w="615"/><wx w="615"/><wx w="615"/><wx w="615"/><wx w="615"/><wx w="615"/><wx w="615"/><wx w="615"/><wx w="615"/><wx w="615"/><wx w="615"/><wx w="615"/><wx w="615"/><wx w="615"/><wx w="615"/><wx w="0"/><wx w="131"/><wx w="460"/><wx w="250"/><wx w="628"/><wx w="549"/><wx w="250"/><wx w="315"/><wx w="315"/><wx w="250"/><wx w="250"/><wx w="232"/><wx w="398"/><wx w="753"/><wx w="593"/><wx w="304"/><wx w="571"/><wx w="753"/></cid-widths></multibyte-extras><kerning kpx1="341"><pair kern="-54" kpx2="45"/><pair kern="-91" kpx2="46"/><pair kern="-91" kpx2="44"/></kerning><kerning kpx1="79"><pair kern="18" kpx2="58"/><pair kern="-40" kpx2="46"/><pair kern="-26" kpx2="88"/><pair kern="18" kpx2="59"/><pair kern="-40" kpx2="44"/></kerning><kerning kpx1="214"><pair kern="18" kpx2="58"/><pair kern="-40" kpx2="46"/><pair kern="-26" kpx2="88"/><pair kern="18" kpx2="59"/><pair kern="-40" kpx2="44"/></kerning><kerning kpx1="699"><pair kern="-118" kpx2="195"/><pair kern="-118" kpx2="193"/><pair kern="-118" kpx2="65"/><pair kern="-118" kpx2="192"/><pair kern="22" kpx2="221"/><pair kern="22" kpx2="89"/><pair kern="22" kpx2="376"/><pair kern="-118" kpx2="194"/><pair kern="-118" kpx2="196"/><pair kern="-146" kpx2="198"/><pair kern="36" kpx2="86"/></kerning><kerning kpx1="80"><pair kern="-54" kpx2="45"/><pair kern="-49" kpx2="195"/><pair kern="-49" kpx2="193"/><pair kern="-17" kpx2="58"/><pair kern="-49" kpx2="65"/><pair kern="-49" kpx2="192"/><pair kern="-49" kpx2="194"/><pair kern="-137" kpx2="46"/><pair kern="-49" kpx2="196"/><pair kern="-17" kpx2="59"/><pair kern="-137" kpx2="44"/></kerning><kerning kpx1="198"><pair kern="-17" kpx2="45"/></kerning><kerning kpx1="213"><pair kern="18" kpx2="58"/><pair kern="-40" kpx2="46"/><pair kern="-26" kpx2="88"/><pair kern="18" kpx2="59"/><pair kern="-40" kpx2="44"/></kerning><kerning kpx1="208"><pair kern="18" kpx2="45"/></kerning><kerning kpx1="86"><pair kern="-63" kpx2="227"/><pair kern="-58" kpx2="232"/><pair kern="-58" kpx2="246"/><pair kern="-58" kpx2="235"/><pair kern="-17" kpx2="251"/><pair kern="-72" kpx2="230"/><pair kern="-26" kpx2="59"/><pair kern="-58" kpx2="244"/><pair kern="-58" kpx2="339"/><pair kern="-67" kpx2="193"/><pair kern="-63" kpx2="225"/><pair kern="-17" kpx2="252"/><pair kern="-63" kpx2="97"/><pair kern="-67" kpx2="65"/><pair kern="-63" kpx2="224"/><pair kern="-17" kpx2="117"/><pair kern="-58" kpx2="233"/><pair kern="-58" kpx2="243"/><pair kern="-67" kpx2="196"/><pair kern="-58" kpx2="234"/><pair kern="-58" kpx2="111"/><pair kern="-58" kpx2="283"/><pair kern="-58" kpx2="242"/><pair kern="-67" kpx2="195"/><pair kern="-26" kpx2="58"/><pair kern="-17" kpx2="250"/><pair kern="-67" kpx2="194"/><pair kern="-63" kpx2="226"/><pair kern="-17" kpx2="367"/><pair kern="-58" kpx2="245"/><pair kern="-114" kpx2="44"/><pair kern="-86" kpx2="45"/><pair kern="-63" kpx2="229"/><pair kern="-67" kpx2="192"/><pair kern="-58" kpx2="248"/><pair kern="-114" kpx2="46"/><pair kern="-63" kpx2="228"/><pair kern="-17" kpx2="249"/><pair kern="-58" kpx2="101"/></kerning><kerning kpx1="313"><pair kern="-30" kpx2="79"/><pair kern="-30" kpx2="210"/><pair kern="-30" kpx2="214"/><pair kern="-179" kpx2="8221"/><pair kern="-40" kpx2="87"/><pair kern="-91" kpx2="8216"/><pair kern="-30" kpx2="338"/><pair kern="-35" kpx2="255"/><pair kern="-30" kpx2="213"/><pair kern="-72" kpx2="86"/><pair kern="-179" kpx2="8217"/><pair kern="-77" kpx2="45"/><pair kern="-30" kpx2="212"/><pair kern="-67" kpx2="356"/><pair kern="-95" kpx2="221"/><pair kern="-95" kpx2="89"/><pair kern="-95" kpx2="376"/><pair kern="-35" kpx2="253"/><pair kern="-67" kpx2="84"/><pair kern="-35" kpx2="121"/><pair kern="-30" kpx2="211"/><pair kern="-30" kpx2="216"/><pair kern="-91" kpx2="8220"/></kerning><kerning kpx1="8222"><pair kern="-35" kpx2="79"/><pair kern="-35" kpx2="262"/><pair kern="-35" kpx2="214"/><pair kern="-72" kpx2="87"/><pair kern="-35" kpx2="199"/><pair kern="-35" kpx2="213"/><pair kern="-128" kpx2="86"/><pair kern="-72" kpx2="118"/><pair kern="-165" kpx2="221"/><pair kern="-35" kpx2="211"/><pair kern="-26" kpx2="216"/><pair kern="-54" kpx2="253"/><pair kern="-35" kpx2="64257"/><pair kern="-35" kpx2="210"/><pair kern="-35" kpx2="268"/><pair kern="-35" kpx2="119"/><pair kern="-35" kpx2="67"/><pair kern="-35" kpx2="338"/><pair kern="-54" kpx2="255"/><pair kern="-35" kpx2="81"/><pair kern="-35" kpx2="212"/><pair kern="-109" kpx2="356"/><pair kern="-35" kpx2="64258"/><pair kern="-35" kpx2="102"/><pair kern="-165" kpx2="89"/><pair kern="-165" kpx2="376"/><pair kern="-54" kpx2="121"/><pair kern="-109" kpx2="84"/></kerning><kerning kpx1="118"><pair kern="-81" kpx2="46"/><pair kern="-81" kpx2="44"/></kerning><kerning kpx1="317"><pair kern="-30" kpx2="79"/><pair kern="-30" kpx2="210"/><pair kern="-30" kpx2="214"/><pair kern="-179" kpx2="8221"/><pair kern="-40" kpx2="87"/><pair kern="-91" kpx2="8216"/><pair kern="-30" kpx2="338"/><pair kern="-35" kpx2="255"/><pair kern="-30" kpx2="213"/><pair kern="-72" kpx2="86"/><pair kern="-179" kpx2="8217"/><pair kern="-77" kpx2="45"/><pair kern="-30" kpx2="212"/><pair kern="-67" kpx2="356"/><pair kern="-95" kpx2="221"/><pair kern="-95" kpx2="89"/><pair kern="-95" kpx2="376"/><pair kern="-35" kpx2="253"/><pair kern="-67" kpx2="84"/><pair kern="-35" kpx2="121"/><pair kern="-30" kpx2="211"/><pair kern="-30" kpx2="216"/><pair kern="-91" kpx2="8220"/></kerning><kerning kpx1="70"><pair kern="-40" kpx2="369"/><pair kern="-40" kpx2="363"/><pair kern="-40" kpx2="251"/><pair kern="-35" kpx2="59"/><pair kern="-40" kpx2="371"/><pair kern="-58" kpx2="193"/><pair kern="-58" kpx2="65"/><pair kern="-40" kpx2="252"/><pair kern="-40" kpx2="361"/><pair kern="-58" kpx2="260"/><pair kern="-40" kpx2="117"/><pair kern="-58" kpx2="196"/><pair kern="-58" kpx2="195"/><pair kern="-35" kpx2="58"/><pair kern="-58" kpx2="258"/><pair kern="-40" kpx2="250"/><pair kern="-58" kpx2="194"/><pair kern="-40" kpx2="367"/><pair kern="-128" kpx2="44"/><pair kern="-54" kpx2="45"/><pair kern="-58" kpx2="256"/><pair kern="-58" kpx2="192"/><pair kern="-128" kpx2="46"/><pair kern="-40" kpx2="249"/><pair kern="-40" kpx2="365"/></kerning><kerning kpx1="352"><pair kern="-35" kpx2="83"/><pair kern="-35" kpx2="350"/><pair kern="-35" kpx2="352"/></kerning><kerning kpx1="83"><pair kern="-35" kpx2="83"/><pair kern="-35" kpx2="350"/><pair kern="-35" kpx2="352"/></kerning><kerning kpx1="210"><pair kern="18" kpx2="58"/><pair kern="-40" kpx2="46"/><pair kern="-26" kpx2="88"/><pair kern="18" kpx2="59"/><pair kern="-40" kpx2="44"/></kerning><kerning kpx1="268"><pair kern="18" kpx2="83"/><pair kern="18" kpx2="536"/><pair kern="18" kpx2="346"/><pair kern="-21" kpx2="8221"/><pair kern="18" kpx2="348"/><pair kern="18" kpx2="350"/><pair kern="-21" kpx2="8217"/><pair kern="18" kpx2="352"/></kerning><kerning kpx1="119"><pair kern="-63" kpx2="46"/><pair kern="-63" kpx2="44"/></kerning><kerning kpx1="75"><pair kern="-26" kpx2="79"/><pair kern="-26" kpx2="214"/><pair kern="-35" kpx2="235"/><pair kern="-35" kpx2="246"/><pair kern="-26" kpx2="213"/><pair kern="-26" kpx2="251"/><pair kern="-17" kpx2="230"/><pair kern="-35" kpx2="225"/><pair kern="-35" kpx2="224"/><pair kern="-35" kpx2="97"/><pair kern="-26" kpx2="252"/><pair kern="-17" kpx2="85"/><pair kern="-26" kpx2="117"/><pair kern="-35" kpx2="234"/><pair kern="-26" kpx2="210"/><pair kern="-26" kpx2="268"/><pair kern="-35" kpx2="283"/><pair kern="-26" kpx2="250"/><pair kern="-26" kpx2="338"/><pair kern="-35" kpx2="226"/><pair kern="-35" kpx2="245"/><pair kern="-26" kpx2="212"/><pair kern="-35" kpx2="229"/><pair kern="-44" kpx2="248"/><pair kern="-26" kpx2="121"/><pair kern="-35" kpx2="228"/><pair kern="-35" kpx2="101"/><pair kern="-26" kpx2="249"/><pair kern="-35" kpx2="227"/><pair kern="-35" kpx2="232"/><pair kern="-26" kpx2="262"/><pair kern="-26" kpx2="199"/><pair kern="-35" kpx2="244"/><pair kern="-44" kpx2="339"/><pair kern="-35" kpx2="233"/><pair kern="-35" kpx2="243"/><pair kern="-26" kpx2="216"/><pair kern="-26" kpx2="211"/><pair kern="-26" kpx2="253"/><pair kern="-35" kpx2="111"/><pair kern="-35" kpx2="242"/><pair kern="-17" kpx2="218"/><pair kern="-26" kpx2="67"/><pair kern="-26" kpx2="255"/><pair kern="-26" kpx2="367"/><pair kern="-17" kpx2="219"/><pair kern="-100" kpx2="45"/><pair kern="-17" kpx2="220"/><pair kern="-17" kpx2="366"/><pair kern="-17" kpx2="217"/></kerning><kerning kpx1="258"><pair kern="-17" kpx2="7812"/><pair kern="-72" kpx2="354"/><pair kern="-17" kpx2="7808"/><pair kern="18" kpx2="58"/><pair kern="-132" kpx2="8221"/><pair kern="-17" kpx2="87"/><pair kern="-17" kpx2="7810"/><pair kern="-49" kpx2="86"/><pair kern="-132" kpx2="8217"/><pair kern="18" kpx2="44"/><pair kern="18" kpx2="59"/><pair kern="-72" kpx2="356"/><pair kern="-72" kpx2="84"/><pair kern="18" kpx2="46"/><pair kern="-17" kpx2="372"/><pair kern="-72" kpx2="538"/></kerning><kerning kpx1="8216"><pair kern="-118" kpx2="195"/><pair kern="-118" kpx2="193"/><pair kern="-118" kpx2="65"/><pair kern="-118" kpx2="192"/><pair kern="22" kpx2="221"/><pair kern="22" kpx2="89"/><pair kern="22" kpx2="376"/><pair kern="-118" kpx2="194"/><pair kern="-118" kpx2="196"/><pair kern="-146" kpx2="198"/><pair kern="36" kpx2="86"/></kerning><kerning kpx1="194"><pair kern="-17" kpx2="7812"/><pair kern="-17" kpx2="354"/><pair kern="-17" kpx2="7808"/><pair kern="18" kpx2="58"/><pair kern="-132" kpx2="8221"/><pair kern="-17" kpx2="87"/><pair kern="-17" kpx2="7810"/><pair kern="-49" kpx2="86"/><pair kern="-132" kpx2="8217"/><pair kern="18" kpx2="44"/><pair kern="18" kpx2="59"/><pair kern="-72" kpx2="356"/><pair kern="-72" kpx2="84"/><pair kern="18" kpx2="46"/><pair kern="-17" kpx2="372"/><pair kern="-17" kpx2="538"/></kerning><kerning kpx1="66"><pair kern="-17" kpx2="45"/><pair kern="-17" kpx2="221"/><pair kern="-17" kpx2="89"/><pair kern="-17" kpx2="376"/><pair kern="-17" kpx2="374"/><pair kern="-17" kpx2="7922"/><pair kern="-17" kpx2="562"/></kerning><kerning kpx1="81"><pair kern="18" kpx2="45"/></kerning><kerning kpx1="264"><pair kern="18" kpx2="83"/><pair kern="18" kpx2="536"/><pair kern="18" kpx2="346"/><pair kern="-21" kpx2="8221"/><pair kern="18" kpx2="348"/><pair kern="18" kpx2="350"/><pair kern="-21" kpx2="8217"/><pair kern="18" kpx2="352"/></kerning><kerning kpx1="212"><pair kern="18" kpx2="58"/><pair kern="-40" kpx2="46"/><pair kern="-26" kpx2="88"/><pair kern="18" kpx2="59"/><pair kern="-40" kpx2="44"/></kerning><kerning kpx1="356"><pair kern="-77" kpx2="341"/><pair kern="-123" kpx2="235"/><pair kern="-123" kpx2="246"/><pair kern="-118" kpx2="351"/><pair kern="-100" kpx2="251"/><pair kern="-123" kpx2="230"/><pair kern="-91" kpx2="59"/><pair kern="-104" kpx2="225"/><pair kern="-104" kpx2="224"/><pair kern="-104" kpx2="97"/><pair kern="-100" kpx2="252"/><pair kern="-100" kpx2="117"/><pair kern="-118" kpx2="353"/><pair kern="-123" kpx2="234"/><pair kern="-123" kpx2="283"/><pair kern="-81" kpx2="119"/><pair kern="-91" kpx2="58"/><pair kern="-123" kpx2="231"/><pair kern="-100" kpx2="250"/><pair kern="-91" kpx2="194"/><pair kern="-104" kpx2="226"/><pair kern="-123" kpx2="245"/><pair kern="-118" kpx2="44"/><pair kern="-104" kpx2="229"/><pair kern="-91" kpx2="192"/><pair kern="-123" kpx2="248"/><pair kern="-86" kpx2="121"/><pair kern="-104" kpx2="228"/><pair kern="-123" kpx2="269"/><pair kern="-123" kpx2="101"/><pair kern="-100" kpx2="249"/><pair kern="-104" kpx2="227"/><pair kern="-123" kpx2="232"/><pair kern="-123" kpx2="99"/><pair kern="-123" kpx2="263"/><pair kern="-123" kpx2="244"/><pair kern="-91" kpx2="193"/><pair kern="-123" kpx2="339"/><pair kern="-91" kpx2="65"/><pair kern="-123" kpx2="233"/><pair kern="-123" kpx2="243"/><pair kern="-86" kpx2="253"/><pair kern="-91" kpx2="196"/><pair kern="-118" kpx2="115"/><pair kern="-123" kpx2="111"/><pair kern="-91" kpx2="195"/><pair kern="-123" kpx2="242"/><pair kern="-77" kpx2="114"/><pair kern="-86" kpx2="255"/><pair kern="-100" kpx2="367"/><pair kern="-77" kpx2="345"/><pair kern="-142" kpx2="45"/><pair kern="-118" kpx2="46"/></kerning><kerning kpx1="192"><pair kern="-17" kpx2="7812"/><pair kern="-72" kpx2="354"/><pair kern="-17" kpx2="7808"/><pair kern="18" kpx2="58"/><pair kern="-132" kpx2="8221"/><pair kern="-17" kpx2="87"/><pair kern="-17" kpx2="7810"/><pair kern="-49" kpx2="86"/><pair kern="-132" kpx2="8217"/><pair kern="18" kpx2="44"/><pair kern="18" kpx2="59"/><pair kern="-72" kpx2="356"/><pair kern="-72" kpx2="84"/><pair kern="18" kpx2="46"/><pair kern="-17" kpx2="372"/><pair kern="-72" kpx2="538"/></kerning><kerning kpx1="102"><pair kern="-17" kpx2="45"/><pair kern="45" kpx2="8221"/><pair kern="68" kpx2="8216"/><pair kern="68" kpx2="8220"/><pair kern="-17" kpx2="46"/><pair kern="45" kpx2="8217"/><pair kern="-17" kpx2="44"/></kerning><kerning kpx1="376"><pair kern="-17" kpx2="79"/><pair kern="-17" kpx2="214"/><pair kern="-109" kpx2="235"/><pair kern="-109" kpx2="246"/><pair kern="-17" kpx2="213"/><pair kern="-91" kpx2="251"/><pair kern="-91" kpx2="230"/><pair kern="-86" kpx2="59"/><pair kern="-91" kpx2="225"/><pair kern="-91" kpx2="97"/><pair kern="-91" kpx2="224"/><pair kern="-91" kpx2="252"/><pair kern="-91" kpx2="117"/><pair kern="-109" kpx2="234"/><pair kern="-17" kpx2="210"/><pair kern="-17" kpx2="268"/><pair kern="-109" kpx2="283"/><pair kern="-86" kpx2="58"/><pair kern="-91" kpx2="250"/><pair kern="-21" kpx2="8216"/><pair kern="-17" kpx2="338"/><pair kern="-77" kpx2="194"/><pair kern="-91" kpx2="226"/><pair kern="-109" kpx2="245"/><pair kern="-128" kpx2="44"/><pair kern="-17" kpx2="212"/><pair kern="-91" kpx2="229"/><pair kern="-77" kpx2="192"/><pair kern="-109" kpx2="248"/><pair kern="-21" kpx2="8220"/><pair kern="-91" kpx2="228"/><pair kern="-109" kpx2="101"/><pair kern="-91" kpx2="249"/><pair kern="-91" kpx2="227"/><pair kern="-109" kpx2="232"/><pair kern="-17" kpx2="262"/><pair kern="-17" kpx2="199"/><pair kern="-17" kpx2="105"/><pair kern="-109" kpx2="244"/><pair kern="-109" kpx2="339"/><pair kern="-77" kpx2="193"/><pair kern="-77" kpx2="65"/><pair kern="-109" kpx2="233"/><pair kern="-109" kpx2="243"/><pair kern="-17" kpx2="216"/><pair kern="-17" kpx2="211"/><pair kern="-77" kpx2="196"/><pair kern="-109" kpx2="111"/><pair kern="-77" kpx2="195"/><pair kern="-109" kpx2="242"/><pair kern="-17" kpx2="67"/><pair kern="-91" kpx2="367"/><pair kern="-137" kpx2="45"/><pair kern="-128" kpx2="46"/></kerning><kerning kpx1="121"><pair kern="-35" kpx2="45"/><pair kern="-77" kpx2="46"/><pair kern="-77" kpx2="44"/></kerning><kerning kpx1="84"><pair kern="-77" kpx2="341"/><pair kern="-123" kpx2="235"/><pair kern="-123" kpx2="246"/><pair kern="-118" kpx2="351"/><pair kern="-100" kpx2="251"/><pair kern="-123" kpx2="230"/><pair kern="-91" kpx2="59"/><pair kern="-104" kpx2="225"/><pair kern="-104" kpx2="224"/><pair kern="-104" kpx2="97"/><pair kern="-100" kpx2="252"/><pair kern="-100" kpx2="117"/><pair kern="-118" kpx2="353"/><pair kern="-123" kpx2="234"/><pair kern="-123" kpx2="283"/><pair kern="-81" kpx2="119"/><pair kern="-91" kpx2="58"/><pair kern="-123" kpx2="231"/><pair kern="-100" kpx2="250"/><pair kern="-91" kpx2="194"/><pair kern="-104" kpx2="226"/><pair kern="-123" kpx2="245"/><pair kern="-118" kpx2="44"/><pair kern="-104" kpx2="229"/><pair kern="-91" kpx2="192"/><pair kern="-123" kpx2="248"/><pair kern="-86" kpx2="121"/><pair kern="-104" kpx2="228"/><pair kern="-123" kpx2="269"/><pair kern="-123" kpx2="101"/><pair kern="-100" kpx2="249"/><pair kern="-104" kpx2="227"/><pair kern="-123" kpx2="232"/><pair kern="-123" kpx2="99"/><pair kern="-123" kpx2="263"/><pair kern="-123" kpx2="244"/><pair kern="-91" kpx2="193"/><pair kern="-123" kpx2="339"/><pair kern="-91" kpx2="65"/><pair kern="-123" kpx2="233"/><pair kern="-123" kpx2="243"/><pair kern="-86" kpx2="253"/><pair kern="-91" kpx2="196"/><pair kern="-118" kpx2="115"/><pair kern="-123" kpx2="111"/><pair kern="-91" kpx2="195"/><pair kern="-123" kpx2="242"/><pair kern="-77" kpx2="114"/><pair kern="-86" kpx2="255"/><pair kern="-100" kpx2="367"/><pair kern="-77" kpx2="345"/><pair kern="-142" kpx2="45"/><pair kern="-118" kpx2="46"/></kerning><kerning kpx1="8220"><pair kern="-118" kpx2="195"/><pair kern="-118" kpx2="193"/><pair kern="-118" kpx2="65"/><pair kern="-118" kpx2="192"/><pair kern="22" kpx2="221"/><pair kern="22" kpx2="89"/><pair kern="22" kpx2="376"/><pair kern="-118" kpx2="194"/><pair kern="-118" kpx2="196"/><pair kern="-146" kpx2="198"/><pair kern="36" kpx2="86"/></kerning><kerning kpx1="222"><pair kern="36" kpx2="45"/><pair kern="-72" kpx2="46"/><pair kern="-72" kpx2="44"/></kerning><kerning kpx1="262"><pair kern="18" kpx2="83"/><pair kern="18" kpx2="536"/><pair kern="18" kpx2="346"/><pair kern="-21" kpx2="8221"/><pair kern="18" kpx2="348"/><pair kern="18" kpx2="350"/><pair kern="-21" kpx2="8217"/><pair kern="18" kpx2="352"/></kerning><kerning kpx1="87"><pair kern="-54" kpx2="227"/><pair kern="-17" kpx2="341"/><pair kern="-49" kpx2="195"/><pair kern="-17" kpx2="8221"/><pair kern="-17" kpx2="114"/><pair kern="-49" kpx2="194"/><pair kern="-54" kpx2="226"/><pair kern="-17" kpx2="345"/><pair kern="-54" kpx2="230"/><pair kern="-17" kpx2="8217"/><pair kern="-81" kpx2="44"/><pair kern="-77" kpx2="45"/><pair kern="-49" kpx2="193"/><pair kern="-54" kpx2="225"/><pair kern="-54" kpx2="229"/><pair kern="-49" kpx2="65"/><pair kern="-54" kpx2="97"/><pair kern="-54" kpx2="224"/><pair kern="-49" kpx2="192"/><pair kern="-54" kpx2="228"/><pair kern="-81" kpx2="46"/><pair kern="-49" kpx2="196"/></kerning><kerning kpx1="199"><pair kern="18" kpx2="83"/><pair kern="18" kpx2="536"/><pair kern="18" kpx2="346"/><pair kern="-21" kpx2="8221"/><pair kern="18" kpx2="348"/><pair kern="18" kpx2="350"/><pair kern="-21" kpx2="8217"/><pair kern="18" kpx2="352"/></kerning><kerning kpx1="350"><pair kern="-35" kpx2="83"/><pair kern="-35" kpx2="350"/><pair kern="-35" kpx2="352"/></kerning><kerning kpx1="193"><pair kern="-17" kpx2="7812"/><pair kern="-72" kpx2="354"/><pair kern="-17" kpx2="7808"/><pair kern="18" kpx2="58"/><pair kern="-132" kpx2="8221"/><pair kern="-17" kpx2="87"/><pair kern="-17" kpx2="7810"/><pair kern="-49" kpx2="86"/><pair kern="-132" kpx2="8217"/><pair kern="18" kpx2="44"/><pair kern="18" kpx2="59"/><pair kern="-72" kpx2="356"/><pair kern="-72" kpx2="84"/><pair kern="18" kpx2="46"/><pair kern="-17" kpx2="372"/><pair kern="-72" kpx2="538"/></kerning><kerning kpx1="65"><pair kern="-17" kpx2="7812"/><pair kern="-72" kpx2="354"/><pair kern="-17" kpx2="7808"/><pair kern="18" kpx2="58"/><pair kern="-132" kpx2="8221"/><pair kern="-17" kpx2="87"/><pair kern="-17" kpx2="7810"/><pair kern="-49" kpx2="86"/><pair kern="-132" kpx2="8217"/><pair kern="18" kpx2="44"/><pair kern="18" kpx2="59"/><pair kern="-72" kpx2="356"/><pair kern="-72" kpx2="84"/><pair kern="18" kpx2="46"/><pair kern="-17" kpx2="372"/><pair kern="-72" kpx2="538"/></kerning><kerning kpx1="260"><pair kern="-17" kpx2="7812"/><pair kern="-72" kpx2="354"/><pair kern="-17" kpx2="7808"/><pair kern="18" kpx2="58"/><pair kern="-132" kpx2="8221"/><pair kern="-17" kpx2="87"/><pair kern="-17" kpx2="7810"/><pair kern="-49" kpx2="86"/><pair kern="-132" kpx2="8217"/><pair kern="18" kpx2="44"/><pair kern="18" kpx2="59"/><pair kern="-72" kpx2="356"/><pair kern="-72" kpx2="84"/><pair kern="18" kpx2="46"/><pair kern="-17" kpx2="372"/><pair kern="-72" kpx2="538"/></kerning><kerning kpx1="381"><pair kern="-49" kpx2="45"/></kerning><kerning kpx1="221"><pair kern="-17" kpx2="79"/><pair kern="-17" kpx2="214"/><pair kern="-109" kpx2="235"/><pair kern="-109" kpx2="246"/><pair kern="-17" kpx2="213"/><pair kern="-91" kpx2="251"/><pair kern="-91" kpx2="230"/><pair kern="-86" kpx2="59"/><pair kern="-91" kpx2="225"/><pair kern="-91" kpx2="97"/><pair kern="-91" kpx2="224"/><pair kern="-91" kpx2="252"/><pair kern="-91" kpx2="117"/><pair kern="-109" kpx2="234"/><pair kern="-17" kpx2="210"/><pair kern="-17" kpx2="268"/><pair kern="-109" kpx2="283"/><pair kern="-86" kpx2="58"/><pair kern="-91" kpx2="250"/><pair kern="-21" kpx2="8216"/><pair kern="-17" kpx2="338"/><pair kern="-77" kpx2="194"/><pair kern="-91" kpx2="226"/><pair kern="-109" kpx2="245"/><pair kern="-128" kpx2="44"/><pair kern="-17" kpx2="212"/><pair kern="-91" kpx2="229"/><pair kern="-77" kpx2="192"/><pair kern="-109" kpx2="248"/><pair kern="-21" kpx2="8220"/><pair kern="-91" kpx2="228"/><pair kern="-109" kpx2="101"/><pair kern="-91" kpx2="249"/><pair kern="-91" kpx2="227"/><pair kern="-109" kpx2="232"/><pair kern="-17" kpx2="262"/><pair kern="-17" kpx2="199"/><pair kern="-17" kpx2="105"/><pair kern="-109" kpx2="244"/><pair kern="-109" kpx2="339"/><pair kern="-77" kpx2="193"/><pair kern="-77" kpx2="65"/><pair kern="-109" kpx2="233"/><pair kern="-109" kpx2="243"/><pair kern="-17" kpx2="216"/><pair kern="-17" kpx2="211"/><pair kern="-77" kpx2="196"/><pair kern="-109" kpx2="111"/><pair kern="-77" kpx2="195"/><pair kern="-109" kpx2="242"/><pair kern="-17" kpx2="67"/><pair kern="-91" kpx2="367"/><pair kern="-137" kpx2="45"/><pair kern="-128" kpx2="46"/></kerning><kerning kpx1="321"><pair kern="-30" kpx2="79"/><pair kern="-30" kpx2="210"/><pair kern="-30" kpx2="214"/><pair kern="-179" kpx2="8221"/><pair kern="-40" kpx2="87"/><pair kern="-91" kpx2="8216"/><pair kern="-30" kpx2="338"/><pair kern="-35" kpx2="255"/><pair kern="-30" kpx2="213"/><pair kern="-72" kpx2="86"/><pair kern="-179" kpx2="8217"/><pair kern="-77" kpx2="45"/><pair kern="-30" kpx2="212"/><pair kern="-67" kpx2="356"/><pair kern="-95" kpx2="221"/><pair kern="-95" kpx2="89"/><pair kern="-95" kpx2="376"/><pair kern="-35" kpx2="253"/><pair kern="-67" kpx2="84"/><pair kern="-35" kpx2="121"/><pair kern="-30" kpx2="211"/><pair kern="-30" kpx2="216"/><pair kern="-91" kpx2="8220"/></kerning><kerning kpx1="211"><pair kern="18" kpx2="58"/><pair kern="-40" kpx2="46"/><pair kern="-26" kpx2="88"/><pair kern="18" kpx2="59"/><pair kern="-40" kpx2="44"/></kerning><kerning kpx1="216"><pair kern="18" kpx2="45"/><pair kern="18" kpx2="58"/><pair kern="-40" kpx2="46"/><pair kern="-17" kpx2="88"/><pair kern="18" kpx2="59"/><pair kern="-40" kpx2="44"/></kerning><kerning kpx1="253"><pair kern="-35" kpx2="45"/><pair kern="-77" kpx2="46"/><pair kern="-77" kpx2="44"/></kerning><kerning kpx1="196"><pair kern="-17" kpx2="7812"/><pair kern="-72" kpx2="354"/><pair kern="-17" kpx2="7808"/><pair kern="18" kpx2="58"/><pair kern="-132" kpx2="8221"/><pair kern="-17" kpx2="87"/><pair kern="-17" kpx2="7810"/><pair kern="-49" kpx2="86"/><pair kern="-132" kpx2="8217"/><pair kern="18" kpx2="44"/><pair kern="18" kpx2="59"/><pair kern="-72" kpx2="356"/><pair kern="-72" kpx2="84"/><pair kern="18" kpx2="46"/><pair kern="-17" kpx2="372"/><pair kern="-72" kpx2="538"/></kerning><kerning kpx1="88"><pair kern="-35" kpx2="79"/><pair kern="-35" kpx2="210"/><pair kern="-17" kpx2="268"/><pair kern="-17" kpx2="262"/><pair kern="-35" kpx2="214"/><pair kern="-17" kpx2="67"/><pair kern="-17" kpx2="199"/><pair kern="-26" kpx2="338"/><pair kern="-35" kpx2="213"/><pair kern="-91" kpx2="45"/><pair kern="-35" kpx2="212"/><pair kern="-35" kpx2="211"/><pair kern="-17" kpx2="216"/></kerning><kerning kpx1="90"><pair kern="-49" kpx2="45"/></kerning><kerning kpx1="195"><pair kern="-17" kpx2="7812"/><pair kern="-72" kpx2="354"/><pair kern="-17" kpx2="7808"/><pair kern="18" kpx2="58"/><pair kern="-132" kpx2="8221"/><pair kern="-17" kpx2="87"/><pair kern="-17" kpx2="7810"/><pair kern="-49" kpx2="86"/><pair kern="-132" kpx2="8217"/><pair kern="18" kpx2="44"/><pair kern="18" kpx2="59"/><pair kern="-72" kpx2="356"/><pair kern="-72" kpx2="84"/><pair kern="18" kpx2="46"/><pair kern="-17" kpx2="372"/><pair kern="-72" kpx2="538"/></kerning><kerning kpx1="114"><pair kern="-54" kpx2="45"/><pair kern="-91" kpx2="46"/><pair kern="-91" kpx2="44"/></kerning><kerning kpx1="67"><pair kern="18" kpx2="83"/><pair kern="18" kpx2="536"/><pair kern="18" kpx2="346"/><pair kern="-21" kpx2="8221"/><pair kern="18" kpx2="348"/><pair kern="18" kpx2="350"/><pair kern="-21" kpx2="8217"/><pair kern="18" kpx2="352"/></kerning><kerning kpx1="8218"><pair kern="-35" kpx2="79"/><pair kern="-35" kpx2="262"/><pair kern="-35" kpx2="214"/><pair kern="-72" kpx2="87"/><pair kern="-35" kpx2="199"/><pair kern="-35" kpx2="213"/><pair kern="-128" kpx2="86"/><pair kern="-54" kpx2="118"/><pair kern="-165" kpx2="221"/><pair kern="-35" kpx2="211"/><pair kern="-26" kpx2="216"/><pair kern="-44" kpx2="253"/><pair kern="-35" kpx2="64257"/><pair kern="-35" kpx2="210"/><pair kern="-35" kpx2="268"/><pair kern="-35" kpx2="119"/><pair kern="-35" kpx2="67"/><pair kern="-35" kpx2="338"/><pair kern="-44" kpx2="255"/><pair kern="-35" kpx2="81"/><pair kern="-35" kpx2="212"/><pair kern="-109" kpx2="356"/><pair kern="-35" kpx2="64258"/><pair kern="-35" kpx2="102"/><pair kern="-165" kpx2="89"/><pair kern="-165" kpx2="376"/><pair kern="-44" kpx2="121"/><pair kern="-109" kpx2="84"/></kerning><kerning kpx1="255"><pair kern="-35" kpx2="45"/><pair kern="-77" kpx2="46"/><pair kern="-77" kpx2="44"/></kerning><kerning kpx1="345"><pair kern="-54" kpx2="45"/><pair kern="-91" kpx2="46"/><pair kern="-91" kpx2="44"/></kerning><kerning kpx1="76"><pair kern="-30" kpx2="79"/><pair kern="-30" kpx2="210"/><pair kern="-30" kpx2="214"/><pair kern="-179" kpx2="8221"/><pair kern="-40" kpx2="87"/><pair kern="-91" kpx2="8216"/><pair kern="-30" kpx2="338"/><pair kern="-35" kpx2="255"/><pair kern="-30" kpx2="213"/><pair kern="-72" kpx2="86"/><pair kern="-179" kpx2="8217"/><pair kern="-77" kpx2="45"/><pair kern="-30" kpx2="212"/><pair kern="-67" kpx2="356"/><pair kern="-95" kpx2="221"/><pair kern="-95" kpx2="89"/><pair kern="-95" kpx2="376"/><pair kern="-35" kpx2="253"/><pair kern="-67" kpx2="84"/><pair kern="-35" kpx2="121"/><pair kern="-30" kpx2="211"/><pair kern="-30" kpx2="216"/><pair kern="-91" kpx2="8220"/></kerning><kerning kpx1="45"><pair kern="-72" kpx2="356"/><pair kern="-17" kpx2="87"/><pair kern="-72" kpx2="221"/><pair kern="-72" kpx2="89"/><pair kern="-72" kpx2="376"/><pair kern="-72" kpx2="84"/><pair kern="-40" kpx2="86"/><pair kern="-35" kpx2="88"/></kerning><kerning kpx1="266"><pair kern="18" kpx2="83"/><pair kern="18" kpx2="536"/><pair kern="18" kpx2="346"/><pair kern="-21" kpx2="8221"/><pair kern="18" kpx2="348"/><pair kern="18" kpx2="350"/><pair kern="-21" kpx2="8217"/><pair kern="18" kpx2="352"/></kerning><kerning kpx1="256"><pair kern="-17" kpx2="7812"/><pair kern="-72" kpx2="354"/><pair kern="-17" kpx2="7808"/><pair kern="18" kpx2="58"/><pair kern="-132" kpx2="8221"/><pair kern="-17" kpx2="87"/><pair kern="-17" kpx2="7810"/><pair kern="-49" kpx2="86"/><pair kern="-132" kpx2="8217"/><pair kern="18" kpx2="44"/><pair kern="18" kpx2="59"/><pair kern="-72" kpx2="356"/><pair kern="-72" kpx2="84"/><pair kern="18" kpx2="46"/><pair kern="-17" kpx2="372"/><pair kern="-72" kpx2="538"/></kerning><kerning kpx1="89"><pair kern="-17" kpx2="79"/><pair kern="-17" kpx2="214"/><pair kern="-109" kpx2="235"/><pair kern="-109" kpx2="246"/><pair kern="-17" kpx2="213"/><pair kern="-91" kpx2="251"/><pair kern="-91" kpx2="230"/><pair kern="-86" kpx2="59"/><pair kern="-91" kpx2="225"/><pair kern="-91" kpx2="97"/><pair kern="-91" kpx2="224"/><pair kern="-91" kpx2="252"/><pair kern="-91" kpx2="117"/><pair kern="-109" kpx2="234"/><pair kern="-17" kpx2="210"/><pair kern="-17" kpx2="268"/><pair kern="-109" kpx2="283"/><pair kern="-86" kpx2="58"/><pair kern="-91" kpx2="250"/><pair kern="-21" kpx2="8216"/><pair kern="-17" kpx2="338"/><pair kern="-77" kpx2="194"/><pair kern="-91" kpx2="226"/><pair kern="-109" kpx2="245"/><pair kern="-128" kpx2="44"/><pair kern="-17" kpx2="212"/><pair kern="-91" kpx2="229"/><pair kern="-77" kpx2="192"/><pair kern="-109" kpx2="248"/><pair kern="-21" kpx2="8220"/><pair kern="-91" kpx2="228"/><pair kern="-109" kpx2="101"/><pair kern="-91" kpx2="249"/><pair kern="-91" kpx2="227"/><pair kern="-109" kpx2="232"/><pair kern="-17" kpx2="262"/><pair kern="-17" kpx2="199"/><pair kern="-17" kpx2="105"/><pair kern="-109" kpx2="244"/><pair kern="-109" kpx2="339"/><pair kern="-77" kpx2="193"/><pair kern="-77" kpx2="65"/><pair kern="-109" kpx2="233"/><pair kern="-109" kpx2="243"/><pair kern="-17" kpx2="216"/><pair kern="-17" kpx2="211"/><pair kern="-77" kpx2="196"/><pair kern="-109" kpx2="111"/><pair kern="-77" kpx2="195"/><pair kern="-109" kpx2="242"/><pair kern="-17" kpx2="67"/><pair kern="-91" kpx2="367"/><pair kern="-137" kpx2="45"/><pair kern="-128" kpx2="46"/></kerning><kerning kpx1="8208"><pair kern="-72" kpx2="356"/><pair kern="-17" kpx2="87"/><pair kern="-72" kpx2="221"/><pair kern="-72" kpx2="89"/><pair kern="-72" kpx2="376"/><pair kern="-72" kpx2="84"/><pair kern="-40" kpx2="86"/><pair kern="-35" kpx2="88"/></kerning></font-metrics>